:020000040800F2
:10000000080B0020B58D0008558B0008578B0008A1
:10001000598B00085B8B00085D8B00080000000016
:100020000000000000000000000000005F8B0008DE
:10003000618B000800000000638B0008658B0008DE
:100040000D8E0008118E0008158E0008198E00080C
:100050001D8E0008218E00086D8B0008778B00082C
:10006000258E0008298E00082D8E0008318E00088C
:10007000358E0008398E00083D8E0008418E00083C
:10008000458E0008498E00084D8E000800000000D3
:10009000000000000000000000000000518E000879
:1000A000558E0008598E00085D8E0008618E00088C
:1000B000658E0008698E00086D8E0008718E00083C
:1000C000758E0008798E00087D8E0008818E0008EC
:1000D000858E0008898E00088D8E000800000000C3
:1000E000918E0008958E0008998E0008000000008F
:1000F0000000000000000000000000009D8E0008CD
:1001000000000000A18E0008A58E0008A98E00083E
:1001100000000000000000000000000000000000DF
:10012000AD8E0008818B0008B18E0008B58E0008E6
:10013000B98E000800000000000000000000000070
:10014000000000000000000000000000BD8E00085C
:10015000C18E00088B8B0008C58E0008958B0008A7
:10016000C98E0008CD8E00080000000000000000CD
:10017000000000000000000000000000000000007F
:1001800000000000D18E0008000000000000000008
:10019000D58E0008D98E00082DE9F14FB0B09246F7
:1001A00004910DF142013A9A2B9199464A70002030
:1001B0000AE01AF8011B0498309A9047002804902E
:1001C00000F0B6860D98401C0D909AF8000050B1D2
:1001D0002528EED1002100220791089209910A9268
:1001E0000B910C9204E00D9800F0A4BE41F00101C7
:1001F0001AF8010F2028F9D023280CD02B2804D07E
:100200002D2805D0302809D00BE041F00201EFE79E
:1002100041F00401ECE741F00801E9E741F0100189
:10022000E6E72A280FD1D9F8002052F8040BC9F8C4
:10023000002000280F9003D540420F9041F00401A8
:100240000AF1010A14E00F92DFF828380AE00F984B
:10025000984205DA00EB800402EB4402303A0F9238
:100260000AF1010A9AF80020A2F130000A28EED320
:100270009AF800002E2803D04FF0FF320E9229E0AA
:100280001AF8010F2A2809D1D9F8000050F8042BD8
:10029000C9F800000E920AF1010A1BE02D280CBFDC
:1002A0000AF1010A002000220E92DFF8C8470BE095
:1002B00040B90E9AA24205DA02EB820503EB450330
:1002C000303B0E930AF1010A9AF80030A3F1300294
:1002D0000A2AEDD3ADF84010DFF89C07784400F50A
:1002E000F3609AF8001000F057FF08B11AF8010BFC
:1002F0008DF842009DF84200682805D19AF8000068
:1003000068280CD1622106E06C2804BF9AF800002E
:100310006C2804D171218DF842100AF1010A12A84B
:1003200006901AF801BBBBF125012CD01C3900F056
:10033000D081091F022940F2CC81133900F02385B6
:10034000093900F0C681891E00F0B885491E00F009
:100350006585491E022940F2BC81091F00F05E85B7
:10036000491F00F02881491E00F00D85491E00F04C
:10037000D080C91E0DD0891E00F00585C91E00F071
:10038000028500F0A6BD25238DF84830012100F03C
:10039000ABBDD9F8000050F8044BC9F80000002CA0
:1003A000059440F0A3802B994878002800F09980AC
:1003B0004FF0FF340FF6843000F008FF201A40F0B1
:1003C000B78500F092BD6D1E40F0A9853096079D5F
:1003D00012AF75B1309E17F8012B02A9304600F01C
:1003E00073FE002801D46D1EF5D10028309640F030
:1003F0009F850A9D3020002D8DF804000CDD309E75
:10040000012301AA02A9304600F06EFE002840F048
:100410008F856D1EF4D13096059F089D75B1309E75
:1004200017F8012B02A9304600F04EFE002801D437
:100430006D1EF5D10028309640F07A850B9D302056
:10044000002D8DF804000CDD309E012301AA02A9C5
:10045000304600F049FE002840F06A856D1EF4D158
:10046000309605980899099D471875B1309E17F880
:10047000012B02A9304600F027FE002801D46D1E92
:10048000F5D10028309640F053850C9D3020002D8A
:100490008DF804000CDD309E012301AA02A930462C
:1004A00000F022FE002840F043856D1EF4D1309606
:1004B0009DF8400041077FF588AE2020002C8DF884
:1004C00004007FF782AE309D012301AA02A92846CD
:1004D00000F00AFE002840F02B85641EF4D1309510
:1004E00073E60FF66440059000F0FFBC0E9D002DF2
:1004F00004D5204600F08AFE044607E02A4620463E
:1005000000F0ACFE002814BF041B2C46089400F039
:10051000ECBCD9F8001051F8040BC9F8001020F019
:100520000004002121F0FF3512ABCDE9024505930F
:10053000DDE9022306993C2413B90AB90E9898B153
:1005400002F00F053035641EEEB23A2EA8BF2735F3
:10055000120942EA03721B090D5508BF002A03D095
:1005600005980D19A842EBD308190590C4F13C0277
:100570000E98089282420ADABDF84010821A4FF6AD
:10058000EF7001400A92ADF8401000F0AEBC0028B8
:1005900040F1AB849DF8400000F01400102840F0BA
:1005A000A4840F9B07990A985B1A1B1A9A1A002AAF
:1005B00040F39B84E5E32B99487820B14FF0FF345A
:1005C0000FF65430F8E69DF84200622861D06828A2
:1005D00017D06A283FD06C2806D0712847D07428DD
:1005E0002CD07A281DD064E0D9F8001051F8040B03
:1005F000C9F80010002868D14FF0FF340FF63030F2
:10060000DAE6D9F8001051F8040BC9F8001020B947
:100610004FF0FF340FF61830CEE60D99018000F050
:1006200064BCD9F8001051F8040BC9F80010002878
:100630004BD14FF0FF340FF6F820BDE6D9F800108B
:1006400051F8040BC9F8001000283ED14FF0FF34D8
:100650000FF6DC20B0E6D9F8001051F8040BC9F809
:10066000001080B94FF0FF340FF6C420A4E6D9F88B
:10067000001051F8040BC9F8001020B94FF0FF34F6
:100680000FF6AC2098E60D9AD317C0E9002300F0CE
:100690002CBCD9F8001051F8040BC9F8001020B98F
:1006A0004FF0FF340FF6882086E60D99017000F0B8
:1006B0001CBCD9F8001051F8040BC9F8001020B97F
:1006C0004FF0FF340FF6682076E60D99016000F0D8
:1006D0000CBCD9F80020D21D22F00702C9F8002076
:1006E000D2E900010832C9F80020CDE90201C80FA3
:1006F00002D007982D210AE0BDF84000810702D5FD
:1007000007982B2103E0C00705D50798202112AADE
:100710001154401C0790DDE90223079912A8CDE986
:100720002C2308444BF020016129059021AC0BD00B
:100730000E99002902D506210E9105E001BF4BF06C
:100740002001672901220E92DDE902235900491593
:10075000491C0DD11A030BD0ABF1610503211A2DF1
:10076000089102D20FF6E41110E00FF6E4110DE04B
:1007700059004915491C0DD11A030BD1ABF1610584
:1007800003211A2D089119D30FF6CC11032200F082
:1007900091FDAAE3DDE90201CDE92E01DDE92E2379
:1007A00023F00047B7F5801F22F000060DD200228B
:1007B000002F08BF002E009203D116E00FF694110F
:1007C000E4E76A4600F0CAFD0FE0DFF8DC08DFF876
:1007D000DC1800EB17500090DDE92E234FF0FF30BE
:1007E0001940DFF8CC7810403943CDE902014BF0D5
:1007F000200061280DD1059830210170821CBBF1C9
:10080000610F05920CBF7821582141700798801C18
:100810000790DDE9020120F0000231F0004308BF3B
:10082000002A02D10026002568E14BF02008B8F12B
:10083000610F40F0B4800E98002847BF212101913C
:10084000401C0190019FDDE92C017F1C0022002348
:10085000DDE9024500F0BAFD00998DF8842038BF2B
:1008600085F00045091F002F00910DF1850653DD2D
:10087000204629460022002300F0C0FD4CD248004B
:10088000400D00F11C0212D0002A10DD40F2FF736F
:100890009A4206DBDFF81C1805F0004001430020F7
:1008A00011E06FF31E5141EA025120460BE024F0A3
:1008B000000035F0004108BF00280FBF29461C2268
:1008C000294600F0B3FD04460D4600F04DFEFF1F23
:1008D000002F804609DD00F065FE02460B462046EB
:1008E000294600F071FE04460D46F01D0721B8F1BF
:1008F000000F0CDD491E5EBF08F00F0200F8012D4D
:100900004FEA2818F3D502E0002200F8012D491E15
:10091000FAD5C61D002FABDC0DF18500361A019803
:100920008642D8BF304600280DF1850430D4B0424D
:1009300006DA0DF185010A5C082AA8BF0F2100DA4A
:100940000021024621AB134400E0401E13F8015978
:10095000521E8D42F9D00F2904D10DF185018B5C17
:100960005B1C8B54002A04D50099091D21AC401C46
:100970000091411E0CD46218ABF13A061378303363
:10098000DDB23A2DA8BFF318491E02F80139F5D59A
:100990000E99002940F1B080421E0E92ACE0009901
:1009A000DFF8142747F29750414391FBF2F2DDE95B
:1009B0002C45009225F00045D2F1070204DD2046C7
:1009C000294600F04EFB0BE052420020DFF8EC1607
:1009D00000F047FB02460B462046294600F066FE23
:1009E0000446B8F1660F0E9806BF009F0A37062727
:1009F0003F18142FC8BF142730200D468DF88400EF
:100A00000DF18506002F39DD2046294600F072FFE2
:100A100001460A4606F1080304200A26B2FBF6F650
:100A200006EB860EA2EB4E02303203F8012C0A22AE
:100A3000B6FBF2F202EB820EA6EB4E063036401EFB
:100A400003F8026DE9D1083F002F03F10806D9DD54
:100A5000084600F063FF02460B462046294600F098
:100A6000B3FD0022DFF8583600F066FF04460D465D
:100A7000CAE700BFCBCCCC0C8C8300000DF1850005
:100A8000361A0DF1850404E00098401E761E009091
:100A9000641C20783028F7D0B8F1660F02D1009995
:100AA000491C04E0B8F1650F0CBF012100210E982C
:100AB00008188642B8BF701E00281DD4B04204DA60
:100AC000215C3429C8BF392100DC30210246631E75
:100AD0009D1800E0401E15F80169521E8E42F9D0A3
:100AE000392902D1A15C491CA154002A04D50099DE
:100AF000491C1C46401C00910646009D01F00EF862
:100B0000406A0778DDF8388030B2002802DC012620
:100B10000FF248644BF02000662808BF6D1C16D009
:100B2000672846D128B210F1040F48DB404546DA69
:100B30009DF840006D1C010703D430B24045B8BF9A
:100B4000804628B2B8EB000848BF4FF000080FFA03
:100B500085FBBBF1000F00F3B5800898411C08919C
:100B6000302205990A54B8F1000F03DC9DF84000CB
:100B7000010704D50898411C089105990F5418EBFA
:100B80000B0FB8BFC8F100052DB268420B90A84406
:100B900032B29045B8BF4646059B089836B20996D2
:100BA00032462146184400F085FBA8EB06000C9065
:100BB000D2E0BBF1610F17D14FF0700B19E030B2EA
:100BC000404504DA9DF840100A0758BF8046B8F146
:100BD000010848BF4FF00008BBF1670F14BF4FF08A
:100BE000450B4FF0650B04E0BBF1410F08BF4FF020
:100BF000500B0898411C0891B8F1000F059914F8A2
:100C0000012B0A5403DC9DF8400001071AD508980F
:100C1000411C0891B8F1000F05990F5412DD761EA2
:100C200030B280450598089BB8BF464632B221468F
:100C3000184400F03FFB089936B271180891A8EBF0
:100C400006000B9005980899084429B2002980F8FD
:100C500000B003D42B224270821C04E02D2242708B
:100C60000D46821C6D4200212CAB28460AE004464A
:100C70000A2094FBF0F000EB8005A4EB450403F898
:100C8000014B491C00B20028F1DC012906DC4BF0C5
:100C90002000652804BF302002F8010B00292CAB8E
:100CA00008D1302002F8010B06E0491E585C3030B4
:100CB00002F8010B0029F8DC059908980844121A7B
:100CC000099249E030B229B288421CDA0598089BA3
:100CD00032B22146184400F0EDFA089936B2711884
:100CE000ABEB0606B8F1000F08910B9603DC9DF8FC
:100CF0004000020704D5059847540999491C0991F9
:100D0000CDF8308028E00598089B2AB22146184487
:100D100000F0D0FA0898761B5844B8F1000F0890FC
:100D200003DC9DF840100A0703D5411C0891059982
:100D30000F5430B280450598089BB8BF464632B282
:100D400004EB0B01184400F0B5FA089836B23018DD
:100D50000890A8EB06000B909DF8400000F01400EE
:100D6000102840F0C280079A08990B988A180999B0
:100D700082180C988A1882180F98824280F2B580E7
:100D8000821A0A92B1E09DF84200622808D06828D1
:100D90000ED06A2814D06C281FD0712810D01CE007
:100DA000D9F8001051F8040BC9F80010C0B21AE0CD
:100DB000D9F8001051F8040BC9F8001080B212E005
:100DC000D9F80020D21D22F00702C9F80020D2E98C
:100DD00000010832C9F8002006E0D9F8001051F8E7
:100DE000040BC9F800100021CDE902019DF8400074
:100DF00001075AD5DDE90223002B08BF002A54D091
:100E00004BF02000782850D1079812A930220A54BC
:100E1000401C431C079301F800B046E09DF84200D7
:100E2000622808D068280ED06A2814D06C281FD0F9
:100E3000712810D01CE0D9F8001051F8040BC9F843
:100E4000001040B21AE0D9F8001051F8040BC9F8AC
:100E5000001000B212E0D9F80020D21D22F00702E3
:100E6000C9F80020D2E900010832C9F8002006E0E4
:100E7000D9F8001051F8040BC9F80010C117CDE9DA
:100E80000201002902D507982D210AE0BDF8400093
:100E9000810702D507982B2103E0C00705D50798E5
:100EA000202112AA1154401C079012A8079901444E
:100EB000059102A8594600F04FF816E0012007906E
:100EC000D9F8000050F8041BC9F800008DF848104C
:100ED0000BE025210122BBF1000F8DF8481007928D
:100EE00003D08DF849B0022107910F9A07980A990B
:100EF0000C9C121A0898521A0B99121A0998521A35
:100F0000121A9DF84000141B41073FF560AA2020EB
:100F1000002C8DF804007FF75AAA309E2546012345
:100F200001AA02A9304600F0DFF800283FF44BAADE
:100F30004FF0FF3031B0BDE8F08F00007072696E85
:100F400074665F733A206261642025732061726762
:100F5000756D656E740000002DE9FC4307466F292E
:100F60003E6908BF082405D041F02000782814BF4E
:100F70000A2410243C25D7E90023642918BF6929D5
:100F80009046994605D1002B03D5D8F1000869EBAE
:100F90004909B9F1000F08BFB8F1000F0CD1386B47
:100FA00050B9082C39D197F83800010735D53020D1
:100FB0003B2586F83B0030E08DF80010404649465E
:100FC0002246E31700F0B0FD3032D0B26D1E3A2851
:100FD000019504DB9DF80000A0F151018A187255BB
:100FE000404649462246E31700F09EFD80465FEAF0
:100FF000010908BFB8F1000F03D0F86871198842E1
:10100000DCD3082C09D197F83800010705D5705DAD
:10101000302802D06D1E30207055C5F13C02BA61F7
:101020007119F960386B824208DA821A3A624FF617
:10103000EF70398F01403987BDE8F38300280ED562
:1010400097F8380000F01400102808D17B6B7969FC
:10105000386A5B1A1B1A9A1A002AC8BF3A62BDE89E
:10106000F3832DE9D04306460F4614464FF000089F
:10107000DFF8509012E0E00707D542464B46304675
:10108000394600F059FC06460F464046494642465E
:101090004B4600F051FC641080468946002CEAD192
:1010A00030463946BDE8D08302FCFFFFFFFF0F80CA
:1010B0000000E03F0000F07FA08601000000F03F4C
:1010C00084D797410000244010B503460C461146D2
:1010D000A0689847A06020B1E06A401CE062002050
:1010E00010BD4FF0FF3010BDF8B505460E4617464F
:1010F0001C4600205CB117F8011BB068A847B0601F
:1011000030B1F06A401CF0620020641EF3D1F2BDE1
:101110004FF0FF30F2BD00007072696E74665F734D
:101120003A20256E20646973616C6C6F776564008A
:101130007072696E74663A2062616420256E206167
:101140007267756D656E7400000000006E616E0060
:101150004E414E00696E6600494E4600300030B484
:10116000002513E050F8042BD30744BFA9F1010375
:101170009A18091F042942F8045BFAD213468C0717
:1011800044BF15809B1CC90748BF1D7050F8041B45
:101190000029E7D130BC7047C9B202788A421AB13F
:1011A0001CBF10F8012FF9E718BF00207047036833
:1011B0001AB95A1E026008467047197811B94FF0E3
:1011C000FF307047591C01601878704780B500B92E
:1011D00006A005490B681BB122220021984701E0B7
:1011E00000F0BAFD222002BD00070020636F6E737D
:1011F000747261696E742068616E646C65723A2005
:10120000626164206D6573736167650000F10103BD
:10121000810704D010F8011B820781B1FAD102685E
:10122000A2F10131914311F0803104BF50F8042F35
:10123000F6E709BAB1FA81F100EBD100401CC01AFF
:1012400070478268521C8260426832B10268531C47
:10125000036011704168491E41607047C9B283073D
:1012600006D0521E22D310F8013B9942F7D11FE05D
:10127000083A13D302F1040241EA012141EA014193
:1012800050F8043B121F21BF4B40A3F1013C2CEA54
:10129000030C1CF0803FF3D0C9B2001F083210F8D5
:1012A000013B521E28BF91EA030FF8D818BF012056
:1012B000401E704762B38B0708D0521E11F8013BE5
:1012C00000F8013B00F024808B07F6D1830740F043
:1012D000208000BF103A07D330B4B1E83810103A7C
:1012E000A0E83810F9D230BC530724BFB1E8081089
:1012F000A0E8081044BF51F8043B40F8043BD20773
:1013000024BF31F8022B20F8022B44BF0B78037066
:101310007047121F17D35B0009D151F8043B20F826
:10132000023B1B0C121F20F8023BF6D20BE051F8D7
:10133000043B00F8013B1B0A20F8023B1B0C121F68
:1013400000F8013BF3D238BF121D521E24BF11F822
:10135000013B00F8013BF8D870472E0010B5144649
:1013600000F002F8226010BDC1F30A5343B14A00F5
:1013700012F5001F28D2A3F2FE32A1EB02517047F2
:1013800050EA410C20D001F0004C31EA0C01B1FAD6
:1013900081F204BFB0FA80F3D2180B3AB2F1200305
:1013A0002CBF00FA03F1914041EA0C013EBFC2F1AB
:1013B000200C20FA0CF319439040524240F2FD33C6
:1013C000D21A01EB03517047002270474FF4001C02
:1013D0001CEB410F94BF1CEB430F09E041EA030CE7
:1013E00050EA4C0C52EA0C0C03D2994208BF9042CE
:1013F000704714BF8B428242704743004FF4001C79
:101400001CEB410F94BF1CEB430F09E041EA030CB6
:1014100050EA4C0C52EA0C0C03D28B4208BF8242B9
:10142000704714BF9942904270470000124254D452
:1014300040F2FF7C1CEA11530FD0634531D09B185A
:1014400063453CBF01EB0251704701F0004141EAA6
:101450000C510020AFF30080704750EA410320D0C8
:1014600001F0004C91EA0C011CD0B1FA81F30B3B66
:101470009A420DD9D21A994051EA0C01C3F1200CBD
:1014800020FA0CFC61449840531C40F2FF7CD7E7E3
:10149000914041EA0C01C2F1200C20FA0CF31943EF
:1014A00090407047B0FA80F31533202BE0D3202A08
:1014B000EED3203A203B9A4209D9D21A00FA03F11E
:1014C00041EA0C010020531C40F2FF7CB8E700FA0F
:1014D00002F141EA0C0100207047524240F2FF7CC9
:1014E0001CEA11530DD06345DBD0B2EB030C3CBFBB
:1014F000A1EB025170470CF1010221EA035141F4C2
:10150000801150EA410CCCD001F0004C352A27DC88
:1015100030B481EA0C01B2F1200309DAC2F12003F0
:10152000044601FA03F5D0402843D1409C400CE02A
:10153000C3F12002450020FA03F418BF44F001046F
:1015400021FA03F091400C43002174F1004550F161
:10155000000051EB0C01244230BC7FF47BAF70479C
:101560006146002076E70000C1F30A5340F2FE32E4
:101570009B1A14DDD3F120034FEAE17208DDC902A2
:1015800041EA505141F00040D84080185040704727
:1015900003F2E13010B1D24382F0004070470020E6
:1015A00070470000C11768B14840401AB0FA80F295
:1015B0009040D21CC907C2F5846241EA025202EB94
:1015C000D02140057047000070B44FF0004591EA0B
:1015D000030F40F1CD836B40841A71EB030603D2F5
:1015E000001BB141121973414FF4001C1CEB410F59
:1015F00034BF7CEB430442E00C0DA4EB1356352EB4
:101600004FDC45EAC323DB0A45EAC121C912B6F122
:1016100020050DDD63FA05F6EB4086EA030512426C
:1016200018BF45F00105C01851F100010CD213E0BC
:1016300062FA06F5F2405540F3415A40B340F34098
:101640005A408018594107D349085FEA30005FEAE1
:10165000350528BF45F0010501F58011420875F1F7
:10166000004250F1000041EB04514E0016F5001FFE
:1016700070BC38BF70470020090D090570471CEB8E
:10168000410F10D252EA43060BD0BCEB410F05D8F4
:101690000C0DAB43661E342EB6DD02E0AB43801862
:1016A000594170BC704770BC70470000F0B540F203
:1016B000FF7581EA030C0CF0004C15EA11541DBFB4
:1016C00015EA1357AC42AF42E5E0BC41C1F3130148
:1016D000C3F31303801A994143F4801304D2641EA8
:1016E0004000494180185941C90241EA5051B1FBBB
:1016F000F3F603FB1611A2FB0675D7EBC020A94138
:1017000002D2761E80185941C90241EA5051B1FBFC
:10171000F3FE03FB1E11A2FB0E75D7EBC020A941FF
:1017200003D2AEF1010E80185941890241EA90516D
:10173000760546EA8E2EB1FBF3F603FB1611A2FBEB
:101740000675D7EB8020A94102D2761E8018594138
:10175000C90241EA50514EEA060EB1FBF3F603FB13
:101760001611A2FB0675D7EBC020A94102D2761E46
:1017700080185941C90241EA5051B1FBF3F703FB0C
:101780001711A2FB0735D3EBC020A94167F1000771
:101790000CBF004247F0010766F3D5274FEA1E3120
:1017A000B80814F5806412DDBD0775F1004250EBF6
:1017B0000E5051EB045111F5801F5CBF41EA0C0142
:1017C000F0BD4CF07F6141F0E0410020F0BDBD076D
:1017D0006D0840EA0E5041F48011D4F10104B4F1D7
:1017E00020060ADAC4F120060200E04001FA06F3FE
:1017F000E1401843B24015430EE0342C13DCC6F12F
:10180000200445EA40056D0820FA06F2154321FA46
:1018100006F0A1400D43002175F1004250F1000097
:1018200051EB0C01F0BD00205FEA0C01F0BDCFB917
:1018300092185B41B3FA83F704BFB2FA82F6BF197C
:101840000B3FB7F120062FBF02FA06F3BB40C7F1EA
:10185000200622FA06F638BF3343BA401CB1E41919
:10186000641E33E77F4231F00041B1FA81F404BFD6
:10187000B0FA80F6A4190B3CB4F120062FBF00FA91
:1018800006F1A140C4F1200620FA06F638BF314324
:10189000A0403C1B1AE7AC421ABF05EA1357AF42FF
:1018A00012E050EA41061CBF52EA4306BFE750EA85
:1018B0004107304661461CBF41EA0551F0BD52EA7E
:1018C000430C08BFC143F0BD00204FF4001616EBD7
:1018D000410F98BF16EB430F08BF16EB410F24BF13
:1018E000C14305E016EB430F0CBF61464CEA0551BE
:1018F000F0BD0000400D491840EA81200CD2490D8E
:10190000A1F58061491C40F0004005DBD1F11F01C9
:1019100054BFC840C017704700207047014648B107
:10192000B0FA80F18840C91CC1F58461090501EB5A
:10193000D021400570470000B0B581EA030C0CF0DF
:10194000004C40F2FF7515EA11541DBF15EA1357FC
:10195000AC42AF4239E0E41923EA455343F4801323
:10196000C90241F0004141EA505EC7021100A7FBE5
:10197000020200284FF00000EEFB01204FF00001B2
:10198000E3FB072118BF42F0010240180021494142
:10199000E3FB0E01A4F580640F0302D25200404124
:1019A000494154F101046CDD470872F1004250F1E5
:1019B000000051EB0451A1F580115CBF41EA0C011C
:1019C000B0BD4CEA05510020B0BD05EA1357AC424A
:1019D00014BFAF4241E050EA410E1CBF52EA430E31
:1019E00002E061460020B0BD24423C441BD15FEAC6
:1019F000070EF6D0090302BF01460020AEF1140E17
:101A0000B1FA81F7AEEB070401FA07FE0C37C7F114
:101A1000200100FA07F7C8404EEA000E23EA4553BA
:101A200043F48013A2E733F00043B3FA83F704BF13
:101A3000B2FA82FE77440B3FE41BB7F1200E2FBFB2
:101A400002FA0EF3BB40C7F1200E22FA0EFE38BF99
:101A500043EA0E03BA40641C82E750EA410E14BF09
:101A600052EA430E6FF000014FF4001717EB430FDB
:101A70008ABF194617EB410FB5E74CEA0551002024
:101A8000B0BDD4F10104B4F120070FDAC4F120078E
:101A9000520828BF42F0010210FA07F501FA07F7D1
:101AA000E1BF2A43E0403843E1400FE0352C98DCA9
:101AB000C7F1200452EA400220FA07F218BF42F0B0
:101AC000010231FA07F0A1400A43002172F10042FD
:101AD00050F1000051EB0C01B0BD0000613807E08F
:101AE00005E0A0F161011A2901D2012070474138B7
:101AF0001A288041C00F7047A0F10901052901D3C0
:101B0000202801D10120704700207047A0F1410139
:101B10001A2938BF20307047014870470148704784
:101B2000840000204C000020BBBBE1B1B2F5803F37
:101B300080F07E80022A1ED98C46B1FBF2F102FBB6
:101B400011C31B0443EA1043B3FBF2FC02FB1C333A
:101B500080B240EA0343B3FBF2F002FB103240EAEA
:101B60000C4000237047022A05D98446B0FBF2F0EE
:101B700002FB10C270474AB105D100F001024908CA
:101B80005FEA3000704700220023704700F0A6B9DA
:101B90000B000200002100207047904271EB030C03
:101BA000F6D3B3F5803F2FD2F0B5B3FA83F7B1FA8D
:101BB00081F4A7F10F0E3D1B5340CEF1200602FA2F
:101BC0000EF2F3415340B5F10F0746D80F3C2C44B9
:101BD0004140C4F12006A040F1414140B1FBF3F681
:101BE00003FB1611A2FB0645001BA94102D2761E7B
:101BF0008018594180EA010221FA0EF362FA0EF2CE
:101C000000215A403046F0BD30B4B1FBF3FC03FB79
:101C10001C11A2FB0C45001BA94103D2ACF1010C25
:101C20008018594130BC02460B466046002170477F
:101C3000B2F1807F65D3F0B5B2FA82F7B1FA81F4E0
:101C4000C7F10F063D1B22FA06F307F1110EF24110
:101C500020355A40B5F10F07B8D94140C4F12006EC
:101C6000A040F1414140B1FBF3FC03FB1C11A2FB7E
:101C70000C45001BA94103D2BCF1010C801859414D
:101C80000F2F12D30F3FC90341EA5041B1FBF3F6C6
:101C900003FB1611A2FB0645D4EBC030A94102D2CA
:101CA000761E8018594146EACC3C07B34140C7F143
:101CB0002006B840F1414140B1FBF3F603FB161199
:101CC000A2FB0645001BA94102D2761E801859418D
:101CD00080EA010221FA0EF3C7F1200462FA0EF243
:101CE0000CFA07F05A402CFA04F13043F0BD80EAB8
:101CF000010221FA0EF3002162FA0EF260465A4008
:101D0000F0BD8C46B1FBF2F102FB11C31B0243EAAA
:101D10001063B3FBF2FC02FB1C331B024CEA0020F5
:101D200043EA1063B3FBF2FC02FB1C331B024CEAD8
:101D3000002043EA1063B3FBF2FC02FB1C331B02DE
:101D40004CEA002043EA1063B3FBF2FC02FB1C32B6
:101D50004CEA002000237047012000F0C1B80000C9
:101D600070B44FF0004591EA030F7FF535AC6B403E
:101D7000841A71EB030604D26E40001BB1411219A4
:101D800073414FF4001C1CEB410F34BF7CEB430646
:101D900083E00C0DA4EB1356362E00F37C80012E4D
:101DA00045EAC32341DC43EA525312BFD2029202F6
:101DB0005B08240545EAC12141EA5051D2EBC0201D
:101DC000994125D407D1B0FA80F610FA06F162D015
:101DD0000020203608E0B1FA81F6B140C6F12002B9
:101DE00020FA02F21143B0404FEAF474B4EB4654C7
:101DF00034F001064FEA74040AD8D6F50016760DC1
:101E000004F00044F04061FA06F25040F1404840CE
:101E1000C00A40EA415021F0004128BF5FEA500566
:101E200050F1000044EBD12135E0DB0A45EAC12145
:101E3000C90AB6F120050EDD42EA0242120CC5F1D4
:101E4000200603FA06F6EB4042EA06056D42984189
:101E500061F100010DE062FA06F5F240554063FAC7
:101E600006FC82EA0C02F3405A406D42904161EB5D
:101E7000030111F4801F05D1641E620502D06D00BC
:101E80004041494121F48011430875F1004350F16C
:101E9000000041EB045170BC70471CEB410F15D2A0
:101EA00023F0004352EA43060BD04FEA4C0CBCEB44
:101EB000410F04D80C0D661E342EB7DDEBE7801AF7
:101EC000994150EA410608BF0021E4E708BF1CEB36
:101ED000430F28BF6FF00001DDE7000070470000EE
:101EE00080B5AFF30080024A11001820ABBEFBE7BB
:101EF0002600020070B50400002C01D10120E1E0B1
:101F000094F83D00002805D1002084F83C00200012
:101F100000F00EFF242084F83D002068006840088F
:101F20004000216808602068006850F40040216883
:101F300008602068006830F400402168086000F004
:101F4000DCFF0100DFF880016268824208D2DFF81E
:101F50007C21914201D2012200E00022D2B207E0AE
:101F6000DFF86C21914201D2012200E00022D2B2BE
:101F7000012A01D10120A5E0DFF85821B1FBF2F2DE
:101F800023685B689B099B01134325686B6023688A
:101F90001B6A6568854201D2551C08E04FF49675AE
:101FA00005FB02F54FF47A76B5FBF6F56D1C9B093F
:101FB0009B012B4325682B622368DB69656885429A
:101FC00014D2481E65686D00B0FBF5F0401C00059A
:101FD000000D042801D204253EE0481E65686D000E
:101FE000B0FBF5F56D1C2D052D0D35E0A068002822
:101FF00009D14D1E666803204643B5FBF6F0401C30
:102000000005000D0AE04D1E666819204643B5FB29
:10201000F6F0401C0005000D50F48040000501D191
:10202000012519E0A068002809D14D1E666803202B
:102030004643B5FBF6F56D1C2D052D0D0AE04D1E32
:10204000666819204643B5FBF6F56D1C2D052D0D70
:1020500055F4804555F40045DFF87C0003402B43E0
:102060002068C3612068036833F0C003E06903435C
:10207000206A03432068036020688368DFF85C00FF
:10208000034020690343E0680343206883602068BD
:10209000C3681B0A1B02A569606905432B432068BE
:1020A000C3602068006850F00100236818600020B9
:1020B0002064202084F83D0000202063002084F864
:1020C0003E00002070BD0000A186010080841E003B
:1020D00000093D0040420F000030FFFF007CFFFF81
:1020E0002DE9FE4F05000E0017009846DDF83090F0
:1020F0000D9CDDF838A000F073FF834695F83D0095
:10210000202840F0A180CDF800B019230122DFF88B
:102110005016280000F058FC002801D0022094E05E
:1021200095F83C00012801D102208EE0012085F8BD
:102130003C0028680068C00705D42868006850F093
:102140000100296808602868006830F40060296888
:102150000860212085F83D00402085F83E000020E1
:102160002864C5F824906C85688D2885DFF8F40311
:10217000E862CDF804B0CDF800A043469BB23A0027
:1021800092B2310089B2280000F0F0FA002801D0A4
:1021900001205AE0288D002833D05A4651462800A5
:1021A00000F0EEFC00280AD0286C042805D128682D
:1021B000006850F4007029680860012045E0686AF2
:1021C000007829680861686A401C6862288D401E92
:1021D0002885688D401E6885286840694007D9D5E4
:1021E000288D0028D6D0686A007829680861686A56
:1021F000401C6862288D401E2885688D401E6885B9
:10220000C8E75A465146280000F0EAFC00280AD0E8
:10221000286C042805D12868006850F400702968EB
:102220000860012011E02868006850F400702968F7
:102230000860202085F83D00002085F83E00002041
:1022400085F83C00002000E00220BDE8FE8F000081
:102250002DE9F24F82B0050016001F00DDF8308036
:102260000D9CDDF8389000F0BBFE824695F83D00ED
:10227000202840F07381CDF800A019230122DFF857
:10228000E014280000F0A0FB002801D0022066E145
:1022900095F83C00012801D1022060E1012085F879
:1022A0003C0028680068C00705D42868006850F022
:1022B0000100296808602868006830F40060296817
:1022C0000860222085F83D00402085F83E0000206F
:1022D0002864C5F824806C85688D2885DFF8840221
:1022E000E862CDF804A0CDF800903B009BB232002C
:1022F00092B2BDF80810280000F0AEFA002801D014
:1023000001202CE1288D00280FD1002000902868A2
:1023100040690090286880690090009828680068EB
:1023200050F40070296808603AE0288D012815D122
:102330002868006830F480602968086000200090F8
:102340002868406900902868806900900098286893
:10235000006850F400702968086021E0288D022888
:1023600015D12868006830F4806029680860286802
:10237000006850F400602968086000200090286818
:1023800040690090286880690090009808E000206B
:102390000090286840690090286880690090009843
:1023A000288D002800F0CF80288D042880F09980A7
:1023B000288D012816D152464946280000F042FCDB
:1023C000002801D00120CAE028680069696A087005
:1023D000686A401C6862288D401E2885688D401EF2
:1023E0006885DDE7288D02282DD1CDF800A04B4669
:1023F0000022DFF87013280000F0E6FA002801D070
:102400000120ACE02868006850F40070296808607A
:1024100028680069696A0870686A401C6862288DCB
:10242000401E2885688D401E688528680069696A95
:102430000870686A401C6862288D401E2885688D77
:10244000401E6885ACE7DFF81CB3CDF800A04B4612
:1024500000225946280000F0B7FA002801D00120D8
:102460007DE02868006830F480602968086028688A
:102470000069696A0870686A401C6862288D401E9D
:102480002885688D401E6885CDF800A04B46002247
:102490005946280000F098FA002801D001205EE09B
:1024A0002868006850F4007029680860286800698E
:1024B000696A0870686A401C6862288D401E288519
:1024C000688D401E688528680069696A0870686AB6
:1024D000401C6862288D401E2885688D401E6885D6
:1024E0005EE752464946280000F0ACFB002801D0C8
:1024F000012034E028680069696A0870686A401C35
:102500006862288D401E2885688D401E6885286871
:10251000406940077FF544AF288D032805D128681E
:10252000006830F480602968086028680069696A7A
:102530000870686A401C6862288D401E2885688D76
:10254000401E68852CE7202085F83D00002085F896
:102550003E00002085F83C00002000E00220BDE89D
:10256000FE8F00000000FFFF2DE9F34F81B083468E
:1025700017001C0000F034FD80465FF000099BF856
:102580003D00202840F0E880DFF8D4A1CDF800809D
:10259000192301225146584600F016FA002801D0AE
:1025A0000220DAE09BF83C00012801D10220D4E0AF
:1025B00001208BF83C00DBF800000068C00707D45E
:1025C000DBF80000006850F00100DBF80010086044
:1025D000DBF80000006830F40060DBF800100860F1
:1025E00024208BF83D000020CBF84000DFF8780174
:1025F000CBF82C00DBF80000006850F48070DBF8AA
:1026000000100860CDF80080230000225FF0011167
:10261000584600F0D9F900280AD0DBF8000000681D
:10262000C00503D54FF40070CBF84000032094E0C0
:10263000BDF8080010F0FE00DBF80010086100F0A3
:10264000CFFC8046DBF800004069C0F3400010F08A
:1026500001000500DBF800004069C0F3802010F0A5
:10266000010006009BF83D00A02820D056EA050096
:10267000C0B200281BD100F0B3FCB0EB08008442CC
:1026800001D3002C02D1A0208BF83D00DBF8000024
:102690004069C0F3400010F001000500DBF80000C5
:1026A0004069C0F3802010F001000600DAE7202026
:1026B0008BF83D00DBF800004069800726D5DBF889
:1026C0000000006850F40070DBF800100860002083
:1026D0000090DBF8000040690090DBF800008069A2
:1026E00000900098CDF800801923012251465846E9
:1026F00000F06AF9002801D001202EE020208BF89C
:102700003D0000208BF83C00002026E0DBF80000B4
:10271000006850F40070DBF8001008607FF48060FF
:10272000DBF800104861CDF80080192301225146E2
:10273000584600F049F9002801D001200DE019F1B8
:102740000109B945FFF456AF20208BF83D00002069
:102750008BF83C00012000E00220BDE8FE8F000065
:1027600002001000040001000000FFFF2DE9F84303
:1027700004000D0016001F00DDF82080DDF8249015
:102780002068006850F4807021680860CDF80090DF
:10279000434600225FF00111200000F015F90028E7
:1027A00008D020680068C00502D54FF4007020648E
:1027B00003204FE015F0FE00216808614B464246B9
:1027C000DFF87C14200000F062F9002801D001201D
:1027D00040E00020009020684069009020688069F7
:1027E000009000984A464146200000F0C9F90028B0
:1027F0000AD0206C042805D12068006850F40070CD
:1028000021680860012025E0380080B2012804D149
:102810003000C0B2216808611BE0300080B2000ABD
:10282000C0B2216808614A464146200000F0A8F97C
:1028300000280AD0206C042805D12068006850F4D4
:10284000007021680860012004E03000C0B22168F7
:1028500008610020BDE8F2832DE9FC4704000D006B
:1028600016001F00DDF82880DDF82C902068006835
:1028700050F48060216808602068006850F480701F
:1028800021680860CDF80090434600225FF00111F6
:10289000200000F099F8002808D020680068C005E2
:1028A00002D54FF40070206403208BE015F0FE0089
:1028B00021680861DFF888A34B4642465146200054
:1028C00000F0E5F8002801D001207BE00020009016
:1028D00020684069009020688069009000984A460E
:1028E0004146200000F04CF900280AD0206C042852
:1028F00005D12068006850F400702168086001204C
:1029000060E0380080B2012804D13000C0B22168F4
:1029100008611BE0300080B2000AC0B22168086183
:102920004A464146200000F02BF900280AD0206CCE
:10293000042805D12068006850F400702168086000
:1029400001203FE03000C0B2216808614A4641469C
:10295000200000F015F900280AD0206C042805D1C9
:102960002068006850F4007021680860012029E0A8
:102970002068006850F4807021680860CDF80090ED
:10298000434600225FF00111200000F01DF80028EE
:1029900008D020680068C00502D54FF4007020649C
:1029A00003200FE055F00100C0B2216808614B46DA
:1029B00042465146200000F06AF8002801D001206C
:1029C00000E00020BDE8F6872DE9F04105000E008B
:1029D00017001C00DDF818803000000CC0B2012880
:1029E0000AD128684069304080B2B1B2884201D132
:1029F00001200BE0002009E028688069304080B2A7
:102A0000B1B2884201D1012000E000203900C9B2F2
:102A1000884239D114F1010FDED000F0E1FAB0EBB9
:102A20000800844201D3002CD6D13000000CC0B283
:102A300001280AD128684069304080B2B1B288428A
:102A400001D101200BE0002009E0286880693040B6
:102A500080B2B1B2884201D1012000E000203900EB
:102A6000C9B28842B8D100202863202085F83D00F3
:102A7000002085F83E00286C50F0200028640020DB
:102A800085F83C00012000E00020BDE8F081F8B5A9
:102A900005000E0014001F003000000CC0B2012819
:102AA0000AD128684069304080B2B1B2884201D171
:102AB00001200BE0002009E028688069304080B2E6
:102AC000B1B2884201D1012000E00020002855D198
:102AD0002868406940051AD52868006850F40070DD
:102AE000296808607FF480602968486100202863B5
:102AF000202085F83D00002085F83E00286C50F02D
:102B000004002864002085F83C00012037E014F11F
:102B1000010FC1D000F064FAC01B844201D3002C25
:102B2000BAD13000000CC0B201280AD1286840692F
:102B3000304080B2B1B2884201D101200BE00020C8
:102B400009E028688069304080B2B1B2884201D182
:102B5000012000E0002000289ED1002028632020D2
:102B600085F83D00002085F83E00286C50F02000DC
:102B70002864002085F83C00012000E00020F2BD20
:102B800070B505000C00160028684069000625D4C1
:102B9000280000F094F8002801D001201FE014F173
:102BA000010FF1D000F01CFA801B844201D3002CED
:102BB000EAD1286840690006E6D400202863202076
:102BC00085F83D00002085F83E00286C50F020007C
:102BD0002864002085F83C00012000E0002070BD42
:102BE00070B505000C00160028684069400725D420
:102BF000280000F064F8002801D001201FE014F143
:102C0000010FF1D000F0ECF9801B844201D3002CBD
:102C1000EAD1286840694007E6D4002028632020D4
:102C200085F83D00002085F83E00286C50F020001B
:102C30002864002085F83C00012000E0002070BDE1
:102C40000200010070B505000C00160028684069FC
:102C5000400632D428684069C00612D57FF01000C3
:102C60002968486100202863202085F83D00002065
:102C700085F83E00286C2864002085F83C0001207F
:102C80001CE000F0ADF9801B844201D3002CDDD1A3
:102C9000286840694006D9D400202863202085F8A0
:102CA0003D00002085F83E00286C50F0200028648C
:102CB000002085F83C00012000E0002070BD0100EC
:102CC00008684069400514D57FF480600A68506147
:102CD00000200863202081F83D00002081F83E009C
:102CE000086C50F004000864002081F83C000120CA
:102CF00000E000207047000080B5284828490160A6
:102D000028494160002181600021C1604FF4804169
:102D1000016100214161002181610021C161002127
:102D20000162FFF7E7F8002801D000F0FBF901BDD0
:102D300010B586B004001422002101A800F0F4F9B7
:102D400020681749884226D1002000901648016863
:102D500051F002010160006810F00200009000983C
:102D60004FF4407001901220029000200390022046
:102D700004900420059001A90C4800F0DFF9002020
:102D800000900B48016851F400110160006810F4D4
:102D900000100090009806B010BD00002003002035
:102DA00000540040A0860100303802400004024078
:102DB000403802402DE9F04104000D00002C01D103
:102DC000012095E0584F386810F00700A84207D25C
:102DD0003D70386810F00700A84201D0012087E05C
:102DE0002078800716D52078400704D54F48016821
:102DF00051F4E05101602078000704D54B48016888
:102E000051F46041016049490A6832F0F002A0685B
:102E100002430A602078C00738D56068012805D1D0
:102E200043480068800313D4012061E060680228F1
:102E300002D06068032805D13D480068800107D4AE
:102E4000012055E03A480068800701D401204FE096
:102E5000DFF8D880D8F8001089088900606801433D
:102E6000C8F8001000F0BCF80600D8F8000010F018
:102E70000C006168B0EB810F08D000F0B1F8801B46
:102E800041F289318842F0D3032031E0386810F0F4
:102E90000700854207D23D70386810F00700A8424D
:102EA00001D0012024E02078400706D51F490A6898
:102EB00032F4E052E06802430A602078000707D548
:102EC0001A48016831F46041226951EAC201016087
:102ED00000F038F81749154A1268C2F30312895CEA
:102EE000C840154908601548006800F069FA0020DC
:102EF000BDE8F08110480068704780B5FFF7FAFF21
:102F00000F490A4A1268C2F38222895CC84002BD96
:102F100080B5FFF7EFFF0A49044A1268C2F3423254
:102F2000895CC84002BD0000003C024008380240F5
:102F300000380240A48D0008480000204400002012
:102F4000FC8D00082DE9F041002400250026002713
:102F50001F48006810F00C00002804D0042804D09A
:102F6000082804D031E01B4830E01B482EE0DFF891
:102F70006C80D8F8000010F03F000400D8F8000082
:102F800040020CD5D8F80000C0F388101249A1FB0C
:102F9000000122000023FEF7C7FD05000BE0D8F872
:102FA0000000C0F388100B49A1FB000122000023A0
:102FB000FEF7BAFD0500D8F80000C0F30140401C40
:102FC00040000600B5FBF6F000E00248BDE8F081E5
:102FD000083802400024F40040787D0104380240A3
:102FE00001480068704700BFFC06002010B500F0E3
:102FF0000DFA00F03EF800F023FA474C00220421BD
:10300000200000F0A7F94FF47A7000F0DBFA0122FB
:103010000421200000F09EF94FF4FA7000F0D2FA7B
:1030200000F0E4FAFFF768FE00F000FB00F044FB5C
:1030300000F086FB00F0C8FB00F00AFC00F068FC22
:1030400000F08FFC00F0F8FD00F0A1FE002204214A
:10305000200000F07FF94FF47A7000F0B3FA0122FB
:103060000421200000F076F94FF4FA7000F0AAFA7B
:10307000FEE780B592B03022002106A800F054F897
:103080001422002101A800F04FF8002000902348EE
:10309000016851F080510160006810F0805000908C
:1030A0000098002000901E48016851F440410160E2
:1030B000006810F4404000900098012006905FF4F2
:1030C0008030079002200C905FF480000D900C205F
:1030D0000E9060200F90022010900420119006A8FE
:1030E00000F046FF002801D000F01CF80F200190EE
:1030F00002200290002003904FF4805004900020A2
:103100000590032101A8FFF755FE002801D000F02B
:1031100009F813B000BD000000040240403802402E
:103120000070004072B6FEE710B5044610460A462D
:103130000146204601F012F9204610BDF8B50023E3
:10314000002400250026102E80F0F880012717FAB1
:1031500006F213000A681A4014009C4240F0EC800A
:103160000A7912F00302012A04D00A7912F003024C
:10317000022A1FD1D0F808C05FF0030E3200D2B28D
:1031800052001EFA02FE3CEA0E0CD1F80CE03200AE
:10319000D2B252001EFA02FE5EEA0C0CC0F808C061
:1031A0004268B740BA434F68C7F30017B7403A4385
:1031B000150045600A7912F00302032A14D0C7688B
:1031C0005FF0030C3200D2B252001CFA02FC37EA64
:1031D0000C07D1F808C03200D2B252001CFA02FC2F
:1031E0005CEA07073D00C5600A7912F00302022A73
:1031F0001ED13200D20800EB8202176A5FF00F0C7A
:1032000016F00702D2B292001CFA02FC37EA0C0751
:10321000D1F810C016F00702D2B292001CFA02FCDC
:103220005CEA07073D003200D20800EB820215621B
:1032300007685FF0030C3200D2B252001CFA02FCA5
:1032400037EA0C0791F804C01CF0030C3200D2B22C
:1032500052001CFA02FC5CEA07073D0005604A6860
:1032600012F4403F68D000220092494A176857F490
:1032700080471760126812F480420092009ADFF8CB
:1032800014C1320092085CF822705FF00F0E16F045
:103290000302D2B292001EFA02FE37EA0E073E4A3D
:1032A000904201D1002514E03C4A904201D1012511
:1032B0000FE03B4A904201D102250AE0394A904290
:1032C00001D1032505E0384A904201D1042500E0F0
:1032D0000725EDB216F00302D2B2920095402F43BB
:1032E000320092084CF82270304D2A68A243D1F87F
:1032F00004C05FEACC2C00D522432A602C4F3D68E5
:10330000A543D1F804C05FEA8C2C00D525433D606D
:10331000284F3A68A243D1F804C05FEA8C3C00D53C
:1033200022433A60244F3D68A543D1F804C05FEAC8
:10333000CC3C00D525433D60761C04E7F1BD02007E
:1033400010690B009BB2184201D0012000E0002060
:10335000C0B270471300DBB2002B03D00B009BB24E
:10336000836103E00B009BB21B048361704710B5BF
:10337000040012480168220092B2114206D02100D6
:1033800089B20160200080B200F09AFD10BD0000FB
:103390004438024008380140000002400004024066
:1033A00000080240000C024000100240083C0140AE
:1033B0000C3C0140043C0140003C0140143C0140F5
:1033C00010B504004FF47A700D490978B0FBF1F0A4
:1033D0000C490968B1FBF0F001F08CF8002801D02D
:1033E00001200CE0102C09D2002221005FF0FF30F8
:1033F00001F064F804480460002000E0012010BDE2
:10340000CC000020480000204400002080B50B487C
:10341000016851F400710160016851F4806101603C
:10342000016851F480710160032001F041F80F2020
:10343000FFF7C6FF01F074F8002002BD003C024017
:10344000F8B586B0142200216846FFF76DFE002013
:1034500005905848016851F004010160016811F0BD
:1034600004010591059900210591016851F0800141
:103470000160016811F08001059105990021059115
:10348000016851F001010160016811F0010105912D
:10349000059900210591016851F002010160006861
:1034A00010F0020005900598434C00224FF40051A3
:1034B0002000FFF74FFF48F21005404E0022290080
:1034C0003000FFF747FF3E4F00224FF20401380063
:1034D000FFF740FF4FF400500090012001900020C2
:1034E00002900020039069462000FFF727FE4FF46A
:1034F0004040009003200190002002906946200087
:10350000FFF71CFE00950120019000200290022090
:10351000039069463000FFF711FE032000905FF42E
:10352000441001900020029069463800FFF706FE23
:1035300004200090012001900220029000200390BE
:1035400069463800FFF7FAFD4FF4866000900320CB
:1035500001900020029069463800FFF7EFFD4FF41C
:103560007040009001200190002002900020039004
:1035700069463800FFF7E2FD4FF4806000900320B9
:1035800001900020029069463000FFF7D7FD00222D
:103590000121062000F092FF062000F0A4FF002287
:1035A0000121072000F08AFF072000F09CFF07B0F0
:1035B000F0BD00BF30380240000802400000024069
:1035C0000004024070B50400FFF70AFD0500260064
:1035D00016F1010F02D0044800783618FFF700FDFD
:1035E000401BB042FAD370BDCC00002080B5002053
:1035F00000900D48016851F480010160006810F4EA
:1036000080000090009800220021392000F056FF31
:10361000392000F068FF00220021452000F04EFF15
:10362000452000F060FF01BD3038024018B58BB076
:103630002422002102A8FFF777FD08220021684616
:10364000FFF772FDDFF8A845DFF8A805206000202D
:1036500060600020A0604FF6FF70E06000202061F5
:10366000002060610020A0610320029000200390F0
:103670000120049000200590002006900020079073
:10368000012008900020099000200A9002A9200043
:1036900001F096F8002801D0FFF744FD00200090CB
:1036A000002001906946200001F0C2FB002801D0F3
:1036B000FFF738FD0CB010BD18B58BB024220021E7
:1036C00002A8FFF731FD082200216846FFF72CFD14
:1036D000DFF824455FF0804020600020606000201B
:1036E000A0605FF0FF30E060002020610020A0615A
:1036F00003200290002003900120049000200590F8
:1037000000200690002007900120089000200990DA
:1037100000200A9002A9200001F052F8002801D0F0
:10372000FFF700FD00200090002001906946200076
:1037300001F07EFB002801D0FFF7F4FC0CB010BDB7
:1037400018B58BB02422002102A8FFF7EDFC082257
:1037500000216846FFF7E8FCDFF8A044DFF8A0048A
:103760002060002060600020A0604FF6FF70E060E5
:10377000002020610020A06103200290002003901F
:103780000120049000200590002006900020079062
:10379000012008900020099000200A9002A9200032
:1037A00001F00EF8002801D0FFF7BCFC00200090CB
:1037B000002001906946200001F03AFB002801D06A
:1037C000FFF7B0FC0CB010BD18B58BB0242200215F
:1037D00002A8FFF7A9FC082200216846FFF7A4FC15
:1037E000DFF82044DFF82004206000206060002023
:1037F000A0604FF6FF70E060002020610020A06113
:1038000003200290002003900120049000200590E6
:1038100000200690002007900120089000200990C9
:1038200000200A9002A9200000F0CAFF002801D061
:10383000FFF778FC002000900020019069462000EE
:1038400001F0F6FA002801D0FFF76CFC0CB010BDB7
:1038500018B589B0082200216846FFF765FC1C22D4
:10386000002102A8FFF760FCDFF8A043DFF8A00307
:10387000206042F20F7060600020A060FE20E060D7
:10388000002020610020A061200000F0E5FE00285B
:1038900001D0FFF747FC002000900020019069460E
:1038A000200001F0C5FA002801D0FFF73BFC6020A2
:1038B0000290002003900220049000200690002235
:1038C00002A9200001F06AF8002801D0FFF72AFCC5
:1038D000042202A9200001F061F8002801D0FFF7BE
:1038E00021FC082202A9200001F058F8002801D08C
:1038F000FFF718FC0C2202A9200001F04FF8002865
:1039000001D0FFF70FFC200000F049F90AB010BD0C
:103910001FB5102200216846FFF706FCDFF8F442CD
:10392000DFF8F4022060632060600020A0604FF6A2
:10393000FF70E060002020610020A061200000F006
:103940000FFE002801D0FFF7EDFB4FF480500090F0
:103950006946200001F0A0F8002801D0FFF7E2FB43
:103960001FBD80B5DFF8B402DFF8B4120160632137
:103970004160002181604FF6FF71C160002101614B
:103980000021816100F0ECFD002801D0FFF7CAFBA7
:1039900001BD10B586B00400142200216846FFF76F
:1039A000C3FB20689349884227D1002005909D4899
:1039B000016851F001010160006810F001000590FC
:1039C0000598002005909848016851F001010160B8
:1039D000006810F00100059005984FF440700090C9
:1039E0000220019002200290002003900120049008
:1039F00069468E48FFF7A2FB98E02068B0F1804F3F
:103A00003FD1002005908A48016851F00101016012
:103A1000006810F00100059005980020059082488C
:103A2000016851F001010160016811F00101059187
:103A3000059900210591016851F0020101600068BB
:103A400010F00200059005982020009002200190BF
:103A500002200290002003900120049069467348E0
:103A6000FFF76CFB082000900220019002200290DA
:103A7000002003900120049069466E48FFF75EFB2A
:103A800054E020685E49884226D1002005906848AD
:103A9000016851F002010160006810F00200059019
:103AA0000598002005906048016851F0010101600F
:103AB000006810F0010005900598C02000900220D9
:103AC0000190022002900020039002200490694699
:103AD0005648FFF733FB29E020684B49884225D13F
:103AE000002005905248016851F00401016000680F
:103AF00010F0040005900598002005904A480168E0
:103B000051F002010160006810F002000590059874
:103B1000C02000900220019002200290002003901B
:103B20000220049069464348FFF708FB06B010BD29
:103B300081B00168364A91420BD1002100913C4985
:103B40000A6852F008020A60096811F00801009141
:103B5000009901B0704781B001682F4A91420CD1A1
:103B6000002100912F490A6852F480320A600968E6
:103B700011F48031009100990FE00168284A9142C8
:103B80000BD10021009127490A6852F400320A60E3
:103B9000096811F400310091009901B0704710B527
:103BA00086B004001422002101A8FFF7BDFA2068A6
:103BB0001749884219D1002000901B48016851F034
:103BC00001010160006810F00100009000980F20D2
:103BD0000190022002900020039001200490022016
:103BE000059001A91148FFF7A9FA06B010BD000021
:103BF0007403002000000140BC03002004040020E6
:103C0000000400404C040020000800409404002000
:103C1000000C0040DC04002000400140240500208E
:103C20000044014044380240303802400000024065
:103C3000403802400004024080B5494849490160CB
:103C40005FF4E1314160002181600021C160002109
:103C500001610C214161002181610021C16101F0FC
:103C600031F9002801D0FFF75DFA01BDF8B586B043
:103C700004001422002101A8FFF756FA20683949F0
:103C800088426AD1002000903748016851F0200135
:103C90000160006810F02000009000980020009063
:103CA0003248016851F001010160006810F0010024
:103CB000009000984FF4C050019002200290022022
:103CC0000390032004900820059001A92848FFF7DD
:103CD00035FA284D284828605FF020666E60002085
:103CE000A8600020E8604FF480672F6100206861C1
:103CF0000020A8610020E86100202862002068629E
:103D0000280001F047FF002801D0FFF70BFAE56318
:103D1000AC631A4D1A4828606E604020A8600020ED
:103D2000E8602F61002068610020A8610020E86140
:103D30000020286200206862280001F02BFF002884
:103D400001D0FFF7EFF9A563AC6300220021472003
:103D500000F0B4FB472000F0C6FB07B0F0BD000048
:103D60006C05002000140140443802403038024005
:103D7000000002406002002028640240C0020020CF
:103D8000A064024080B5664802F0A8F901BD7CB588
:103D9000644D634C0A230322217989B22800FEF77F
:103DA000E3FB002805D002F0DFFA3220FFF70AFC1F
:103DB000EEE75D4E300000F00AFC320029002000E2
:103DC00002F09BF9200002F09BF9002806D102F0D6
:103DD000CBFA4FF4FA70FFF7F5FBF8E702F0C4FAFC
:103DE0004FF4FA60FFF7EEFB200002F0EBF9A06859
:103DF0000068406AA0814D4800F0E9FBC8234C4AA6
:103E00004C494D4802F0E7FA4C4D4D4E4FF40040FE
:103E100000903300002229004A4802F045FB4FF48D
:103E200080400090330004222900474802F03CFB08
:103E30004FF48050009033000C222900434802F0D8
:103E400033FB4FF400500090330008222900404813
:103E500002F02AFB3C213F4800F01AFD3C213E487D
:103E600000F016FD3C213D4800F012FD3C213C488D
:103E700000F00EFD0025002602F087FAFFF7B0F8EB
:103E8000401B0B2805D3FFF7ABF80500200002F01C
:103E9000D5F902F05FFCFFF7A3F8801B0A280AD3CC
:103EA000FFF79EF806002F480078002801D002F0A6
:103EB0003AFC02F05DFB02F091FE02F007FDDBE749
:103EC00070B50400200080B2B0F5804F0DD1FFF72F
:103ED00087F825490A68821A40F6B9339A4202D314
:103EE0000122224B1A70086018E0200080B20128DD
:103EF00003D0200080B2022810D10C480068456A27
:103F0000210089B20E48FFF71AFA06003200D2B239
:103F1000290089B2200080B202F0E1FE70BD0000ED
:103F2000740600202003002024050020DC0400206B
:103F3000D00000206C050020900600209404002092
:103F400000040240B4050020DC0500200406002027
:103F50002C06002074030020BC0300200404002071
:103F60004C04002004070020F80600200000002078
:103F70002DE9F8430400002C01D10120D8E120787C
:103F8000C0075FD5DFF8AC03016811F00C0104290C
:103F900009D0006810F00C0008280ED1DFF8980353
:103FA0000068400209D5DFF894030068800349D512
:103FB0006068002846D10120BAE16068B0F5803F12
:103FC00006D1DFF87803016851F48031016018E010
:103FD0006068B0F5A02F0AD1DFF86003016851F4E2
:103FE00080210160016851F48031016009E0DFF84F
:103FF0004C03016831F480310160016831F48021A3
:104000000160606800280ED0FEF7EAFF0500DFF8C7
:104010002C030068800315D4FEF7E2FF401B6528DF
:10402000F5D3032084E1FEF7DBFF0500DFF80C0386
:104030000068800306D5FEF7D3FF401B6528F5D343
:10404000032075E1207880074CD5DFF8E80201688D
:1040500011F00C0F08D0006810F00C00082814D1E3
:10406000B5480068400210D4B4480168890704D5F7
:10407000E168012901D001205AE1016831F0F8011D
:10408000226951EAC20101602CE0E068002818D0E2
:104090000120AB490860FEF7A3FF0500A7480168AF
:1040A000890706D4FEF79CFF401B0328F6D30320A4
:1040B0003EE1016831F0F801226951EAC201016074
:1040C00010E000209E490860FEF78AFF05009B482B
:1040D0000068800706D5FEF783FF401B0328F6D350
:1040E000032025E12078000724D56069002810D03E
:1040F000012094490860FEF773FF050092480068AC
:10410000800717D4FEF76CFF401B0328F6D303206B
:104110000EE100208B490860FEF762FF05008A4827
:104120000068800706D5FEF75BFF401B0328F6D327
:104130000320FDE0207840077CD50027DFF80C82C3
:10414000D8F80000C0000FD400200090D8F800007C
:1041500050F08050C8F80000D8F8000010F08050EF
:104160000090009801200700DFF8E491D9F80000E2
:10417000C00513D4D9F8000050F48070C9F80000CD
:10418000FEF72EFF0500D9F80000C00506D4FEF7A3
:1041900027FF401B0328F6D30320C9E0A0680128AD
:1041A00005D16C48016851F00101016015E0A0687B
:1041B000052809D16748016851F0040101600168D0
:1041C00051F00101016008E06248016849084900B6
:1041D0000160016831F004010160A06800280FD07F
:1041E000FEF7FEFE05005B480068800718D4FEF766
:1041F000F7FE401B41F289318842F4D3032097E057
:10420000FEF7EEFE050053480068800708D5FEF76C
:10421000E7FE401B41F289318842F4D3032087E056
:104220003800C0B2012805D1D8F8000030F0805025
:10423000C8F80000A069002879D03E48006810F056
:104240000C00082847D0A069022833D1424F002033
:104250003860FEF7C5FE8046DFF8E090D9F8000030
:10426000800107D5FEF7BCFEB0EB08000328F3D3AE
:1042700003205DE0E169206A0143606A51EA801130
:10428000A06A4008401E51EA0041E06A51EA00611C
:104290002948016001203860FEF7A2FE0500D9F828
:1042A0000000800143D4FEF79BFE401B0328F6D399
:1042B00003203DE0002028490860FEF791FE05003C
:1042C0001E480068800132D5FEF78AFE401B032895
:1042D000F6D303202CE0A069012801D1012027E0BA
:1042E000154800680600A06901281ED016F4800059
:1042F000E169884219D116F03F00216A884214D141
:1043000047F6C0703040616AB0EB811F0DD116F4E2
:104310004030A16A4908491EB0EB014F05D116F0A3
:104320007060E16AB0EB016F01D0012000E0002075
:10433000BDE8F283083802400438024000380240E9
:1043400000004742800E4742743802404038024025
:1043500000700040703802406000474262F30F2254
:1043600062F31F42401810F0030308D0C91A1FD38C
:10437000DB0748BF00F8012D28BF20F8022D1300ED
:1043800030B414461546103928BF20E93C00FAD84D
:10439000490728BF20E90C0048BF40F8042D8900D8
:1043A00028BF20F8022D48BF00F8012D30BC70470F
:1043B000C91818BF00F8012DCB0728BF00F8012D40
:1043C0007047000010B410F00703DFF83441226892
:1043D0004FF6FF010A40DFF82C1151EA03210A438E
:1043E000226010BC7047DFF818010068C0F302209B
:1043F00070470000010049B200290AD4012210F0E0
:104400001F018A40DFF8001103005BB25B0941F82D
:104410002320704710B4020052B2002A05D40A01CA
:104420003A4B040064B21A5508E00A01384B040004
:1044300064B214F00F04234403F8042C10BC70473A
:1044400070B4030013F00704D4F10700052801D36A
:10445000042001E0D4F10700251D072D01D200251D
:1044600000E0E51E012616FA00F0401E0140A940BA
:1044700016FA05F56D1E2A401143080070BC7047FE
:1044800010B50400601EB0F1807F01D301200EE062
:10449000601E204908600F215FF0FF30FFF7BAFF70
:1044A00000201D49086007201C490860002010BD3D
:1044B00010B504002000FFF785FF10BD2DE9F04185
:1044C00004000D0016000027FFF78DFF8046320024
:1044D00029004046FFF7B4FF0100200040B2FFF77B
:1044E00099FFBDE8F08110B50400200040B2FFF74D
:1044F00081FF10BD10B504002000FFF7C1FF10BD03
:104500000CED00E00000FA0500E100E000E400E04E
:1045100018ED00E014E000E018E000E010E000E03A
:1045200081B0002000900C48016851F48041016086
:10453000006810F480400090009800200090074828
:10454000016851F080510160006810F080500090C7
:10455000009801B0704700BF443802404038024024
:1045600010B50400002C01D101202FE094F83D008B
:10457000002805D1002084F83C002000FFF7EBFA6A
:10458000022084F83D00211D206800F0FFFA012080
:1045900084F84600012084F83E00012084F83F00A2
:1045A000012084F84000012084F84100012084F8B3
:1045B0004200012084F84300012084F844000120D7
:1045C00084F84500012084F83D00002010BD010062
:1045D00091F83D00012801D0012034E0022081F84B
:1045E0003D000868DFF86030984217D00868B0F1E5
:1045F000804F13D00868DFF8543098420ED0086816
:10460000DFF84C30984209D00868DFF8483098420B
:1046100004D00868DFF8943198420DD108688068AA
:1046200010F007000200062A0CD00868006850F05D
:1046300001000B68186005E00868006850F0010090
:104640000B68186000207047000001400004004023
:1046500000080040000C004010B50400002C01D1FF
:1046600001202FE094F83D00002805D1002084F8B7
:104670003C002000FFF75CFA022084F83D00211D79
:10468000206800F083FA012084F84600012084F8B5
:104690003E00012084F83F00012084F84000012002
:1046A00084F84100012084F84200012084F843008E
:1046B000012084F84400012084F84500012084F89A
:1046C0003D00002010BD70B505000C00002C02D18B
:1046D00095F83E000BE0042C02D195F83F0006E06F
:1046E000082C02D195F8400001E095F8410001281E
:1046F00001D0012057E0002C04D1022085F83E00B3
:10470000C0B211E0042C04D1022085F83F00C0B2F1
:104710000AE0082C04D1022085F84000C0B203E072
:10472000022085F84100C0B201222100286800F073
:104730006CFBDFF87C002968814205D12968496C4F
:1047400051F400412A6851642968814216D02868D2
:10475000B0F1804F12D02868DFF8581088420DD091
:104760002868DFF85410884208D02868DFF84C1019
:10477000884203D028680D4988420DD12868806896
:1047800010F007000600062E0CD02868006850F0D4
:1047900001002968086005E02868006850F0010001
:1047A00029680860002070BD000000000040014042
:1047B000000001400004004000080040000C0040E0
:1047C00070B504000D00002C01D101205EE094F8CA
:1047D0003D00002805D1002084F83C002000FFF7B0
:1047E000D8F8022084F83D0020688168DFF89C0139
:1047F000014020688160211D206800F0C7F9206811
:104800008168206882692068036A28680143DFF8AC
:1048100080010240A868AE6950EA06200243DFF832
:1048200074010240DFF870010240E868EE6950EA66
:104830000620024328692E6A360356EA00163243E0
:1048400033F0220333F0880368686E6950EA06107B
:104850000343206881602068826120680362012030
:1048600084F84600012084F83E00C0B2012084F89C
:104870003F00C0B2012084F84200C0B2012084F899
:104880004300C0B2012084F83D00002070BD00004C
:104890002DE9F84305000C0095F83E6095F83F704F
:1048A00095F8428095F84390002C12D13000C0B2A8
:1048B000012803D14046C0B2012801D0012062E0A6
:1048C000022085F83E00C0B2022085F84200C0B246
:1048D00036E0042C12D13800C0B2012803D148467A
:1048E000C0B2012801D001204DE0022085F83F0030
:1048F000C0B2022085F84300C0B221E03000C0B24F
:1049000001280BD13800C0B2012807D14046C0B2FF
:10491000012803D14846C0B2012801D0012032E06D
:10492000022085F83E00C0B2022085F83F00C0B2E8
:10493000022085F84200C0B2022085F84300C0B2D0
:104940002000002802D0042806D00BE0012200211C
:10495000286800F05AFA0FE001220421286800F0CC
:1049600054FA09E001220021286800F04EFA0122E1
:104970000421286800F049FA2868006850F0010016
:10498000296808600020BDE8F2830000F8BFFFFF3F
:10499000FCFCFFFFF3F3FFFF0F0FFFFFF8B5040070
:1049A0000D001700002694F83C00012801D10220D8
:1049B00071E0012084F83C003800002806D004286B
:1049C0001BD0082831D00C2846D05DE02900206893
:1049D00000F021F92068806950F0080021688861A2
:1049E0002068806930F0040021688861206881694E
:1049F000286901432068816148E02900206800F0AF
:104A000036F92068806950F4006021688861206868
:104A1000806930F480602168886120688069296934
:104A200050EA01202168886130E02900206800F008
:104A300050F92068C06950F008002168C8612068FA
:104A4000C06930F004002168C8612068C169286924
:104A500001432068C16119E02900206800F069F96C
:104A60002068C06950F400602168C8612068C0698E
:104A700030F480602168C8612068C069296950EA03
:104A800001202168C86101E001200600002084F8AF
:104A90003C003000C0B2F2BDF8B504000D000026A5
:104AA00094F83C00012801D102206EE0012084F836
:104AB0003C00022084F83D002068876837F07707C3
:104AC00037F47F4720688760286800284ED0102878
:104AD0004CD020284AD0302848D040283CD05028FC
:104AE00026D060282ED0702807D0B0F5805F03D084
:104AF000B0F5005F0FD03EE03FE0EB686A68A96860
:104B0000206800F076F92068806850F07700070090
:104B10002068876031E0EB686A68A968206800F067
:104B200068F92068806850F480402168886024E03B
:104B3000EA686968206800F02FF95021206800F0C9
:104B400050F91AE0EA686968206800F037F96021D6
:104B5000206800F046F910E0EA686968206800F013
:104B60001BF94021206800F03CF906E02968206824
:104B700000F037F901E001200600012084F83D0033
:104B8000002084F83C003000C0B2F2BD10B40468CC
:104B90007A4B98420BD0B0F1804F08D0784A9042BF
:104BA00005D0784A904202D0774A904203D134F03F
:104BB00070044A681443984214D0B0F1804F11D069
:104BC0006F4A90420ED06F4A90420BD06E4A90428C
:104BD00008D06E4A904205D06D4A904202D06D4A8C
:104BE000904203D134F44074CA68144334F0800412
:104BF0004A6914438A68C2620A688262984201D193
:104C00000A690263026852F00402026001224261F2
:104C1000046010BC704770B4046A026A5208520003
:104C200002624568836933F070039B089B000A6841
:104C3000134334F002048A681443504EB04205D145
:104C400034F00804CA68144334F00404B04207D1B5
:104C500035F4807535F400754A6915438A69154342
:104C6000456083614A684263046270BC704770B4F7
:104C7000036A026A32F0100202624468826932F406
:104C8000E04232F440720D6852EA052233F020030C
:104C90008D6853EA0513394DA84206D133F08003DD
:104CA000CE6853EA061333F04003A84209D134F426
:104CB000806434F400644D6954EA85048D6954EAD3
:104CC0008504446082614D688563036270BC7047EF
:104CD000000070B4046A026A32F4807202624568AD
:104CE000C36933F070039B089B000A68134334F4D4
:104CF00000748A6854EA0224204A904206D134F4AF
:104D00000064CE6854EA062434F48064904209D1E9
:104D100035F4805535F400554A6955EA02158A691B
:104D200055EA02154560C3614A68C263046270BCFB
:104D3000704730B4036A026A32F4805202624468F7
:104D4000C26932F4E04232F440720D6852EA052240
:104D500033F400538D6853EA0533084DA84204D15B
:104D600034F480444D6954EA85144460C2614D684E
:104D70000564036230BC7047000000000000014081
:104D80000004004000080040000C004000400140CA
:104D9000004401400048014010B4046A036A5B0803
:104DA0005B000362836933F0F00353EA021334F0CB
:104DB0000A040C438361046210BC704710B4046A97
:104DC000036A33F010030362836933F4704353EAD8
:104DD000023334F0A00454EA01148361046210BC6D
:104DE0007047836833F0700351F007021343836008
:104DF000704730B4846834F47F4452EA010555EAC0
:104E000003252C43846030BC704730B4012411F07A
:104E10001F0314FA03F3046A9C430462046A11F04A
:104E20001F0512FA05F52C43046230BC70470000E0
:104E300030B4020092F83C00012801D1022034E095
:104E4000012082F83C00022082F83D00106843688F
:104E50001068846833F07003086803431068436087
:104E60001068134DA84213D01068B0F1804F0FD0D6
:104E70001068104DA8420BD010680F4DA84207D003
:104E800010680E4DA84203D010680D4DA84205D100
:104E900034F080044868044310688460012082F87C
:104EA0003D00002082F83C00002030BC704700002C
:104EB000000001400004004000080040000C0040D9
:104EC0000040014010B50400002C01D1012035E064
:104ED000A0690028FFD194F84100002805D10020E6
:104EE00084F840002000FEF7C1FE242084F8410031
:104EF0002068C06830F400502168C860200000F0CD
:104F0000BFFC2068006930F4904021680861206887
:104F1000406930F02A00216848612068C06850F478
:104F200000502168C86000206064202084F841009F
:104F3000202084F8420000206063002010BD73B57B
:104F40000400150094F84100202843D1019800285E
:104F500003D0280080B2002801D101203BE0019855
:104F60002062A584E58400206064212084F841004B
:104F70001948A16BC8631948A16B08641848A16B54
:104F8000C8640020A16B086501AE2B009BB22068AD
:104F9000021D3168A06B00F06EFE002806D01020C4
:104FA0006064202084F84100012014E07FF040007C
:104FB000216808602068143050E8000F50F080002D
:104FC0000100206810F1140242E800100028F1D11D
:104FD000002000E0022076BD11540008655400084E
:104FE000435500087CB505000C00160095F84200FA
:104FF000202832D1002C03D0300080B2002801D10B
:1050000001202BE00120286300206863320092B267
:105010002100280000F0C1FA0100286B012817D1F7
:105020000020009028680068009028684068009080
:10503000009828680C3050E8000F50F01000020073
:10504000286810F10C0343E800200028F1D101E0AA
:10505000012001000800C0B200E0022076BD10B5BA
:10506000040020680C3050E8000F30F4907001000C
:10507000206810F10C0242E800100028F1D12068ED
:10508000143050E8000F400840000100206810F183
:10509000140242E800100028F1D1206B01280DD144
:1050A00020680C3050E8000F30F01000010020683C
:1050B00010F10C0242E800100028F1D1206840698C
:1050C000400621D52068143050E8000F30F0400031
:1050D0000100206810F1140242E800100028F1D10C
:1050E000E06B002810D00020E16B0865E06B00F059
:1050F00008FE002808D0E06B00F069FF202803D1EB
:1051000010206064032007E00020E085202084F860
:10511000420000202063002010BD2DE9FC4706005E
:10512000306807683068D0F80C803068D0F8149088
:105130000020002517F00F04002C08D1B80606D572
:105140005FEA886003D5300000F01DFB5EE1002CB3
:1051500000F080805FEAC97002D418F4907F79D0A3
:1051600017F00100C0B2002806D05FEAC85003D58E
:10517000706C50F001007064780708D519F00100D8
:10518000C0B2002803D0706C50F002007064B80701
:1051900008D519F00100C0B2002803D0706C50F09F
:1051A0000400706438070BD55FEA886004D419F0F6
:1051B0000100C0B2002803D0706C50F00800706489
:1051C000706C002845D0B80605D55FEA886002D526
:1051D000300000F0D8FA30684069800910F0010012
:1051E0000500706C000701D4002D2DD0300000F0B8
:1051F0004AFA30684069400622D53068143050E8D9
:10520000000F30F040000100306810F1140242E855
:1052100000100028F1D1F06B00280DD00FF2CD4026
:10522000F16B0865F06B00F0BAFD002811D0F06B4F
:10523000F16B096D88470CE0300001F00DF908E0D2
:10524000300001F009F904E0300001F005F9002018
:105250007064DBE0306B012840F0C680F80640F156
:10526000C3805FEAC86040F1BF80002000903068D2
:10527000006800903068406800900098306840698D
:1052800040066ED5F06B0068D0F804A0504680B29E
:10529000002855D05046B18D80B2884250D2A6F831
:1052A0002EA0F06BC069B0F5807F3FD030680C3025
:1052B00050E8000F30F480700100306810F10C02EB
:1052C00042E800100028F1D13068143050E8000F97
:1052D000400840000100306810F1140242E800105C
:1052E0000028F1D13068143050E8000F30F0400051
:1052F0000100306810F1140242E800100028F1D1DA
:10530000202086F842000020306330680C3050E8DE
:10531000000F30F010000100306810F10C0242E87C
:1053200000100028F1D1F06B00F0EBFC022070635C
:10533000B18DF08D091A89B2300001F064F80FE0E8
:105340005046B18D80B288420AD1F06BC069B0F589
:10535000807F05D102207063B18D300001F053F8D9
:1053600054E0B08DB6F82EA0B0EB0A0AF08D0028FC
:1053700039D0504680B2002835D030680C3050E823
:10538000000F30F490700100306810F10C0242E818
:1053900000100028F1D13068143050E8000F4008A8
:1053A00040000100306810F1140242E800100028AB
:1053B000F1D1202086F842000020306330680C30A4
:1053C00050E8000F30F010000100306810F10C02BE
:1053D00042E800100028F1D102207063514689B2E2
:1053E000300001F010F811E0380606D55FEA0860D9
:1053F00003D5300000F084F908E0780606D55FEAAE
:10540000486003D5300000F0AEF9FFE7BDE8F38750
:1054100038B50400A56B20680068C0051ED40020C4
:10542000E8842868143050E8000F30F08000010054
:10543000286810F1140242E800100028F1D1286811
:105440000C3050E8000F50F040000100286810F1C7
:105450000C0242E800100028F1D102E0280001F01F
:1054600012F831BD38B50400A56B280001F06EFCC0
:1054700031BD38B50400A56B20680068C0053FD475
:105480000020E88528680C3050E8000F30F4807068
:105490000100286810F10C0242E800100028F1D148
:1054A0002868143050E8000F4008400001002868C8
:1054B00010F1140242E800100028F1D128681430DD
:1054C00050E8000F30F040000100286810F114028D
:1054D00042E800100028F1D1202085F84200286B16
:1054E00001280DD128680C3050E8000F30F0100072
:1054F0000100286810F10C0242E800100028F1D1E8
:1055000000206863286B012804D1A98D280000F0D1
:105510007AFF02E0280001F01AFC31BD38B5040022
:10552000A56B01206863286B012806D1A98D490865
:1055300089B2280000F067FF02E0280001F008FCB3
:1055400031BDF8B506000020B76B39684C69E40935
:1055500014F0010497F84110212906D1002C04D041
:105560000020F884380000F07CF838684569AD09FF
:1055700015F0010597F84200222806D1002D04D02D
:105580000020F885380000F07EF8786C50F01000AC
:105590007864380000F060FFF1BD73B504001500B9
:1055A0000198A062A58500206064222084F8420052
:1055B000DFF8C805E16BC863DFF8C405E16B086478
:1055C000DFF8C005E16BC8640020E16B086501AE3F
:1055D0002B009BB232682068011DE06B00F04BFB92
:1055E000002806D010206064202084F842000120AA
:1055F00036E0002000902068006800902068406835
:1056000000900098206900280DD020680C3050E8E8
:10561000000F50F480700100206810F10C0242E885
:1056200000100028F1D12068143050E8000F50F02D
:1056300001000100206810F1140242E80010002867
:10564000F1D12068143050E8000F50F04000010004
:10565000206810F1140242E800100028F1D1002067
:1056600076BD01680C3151E8001F31F0C0010A001D
:10567000016811F10C0343E800210029F1D1202138
:1056800080F84110704701680C3151E8001F31F477
:1056900090710A00016811F10C0343E80021002910
:1056A000F1D10168143151E8001F490849000A008E
:1056B000016811F1140343E800210029F1D1016BC5
:1056C00001290DD101680C3151E8001F31F01001A2
:1056D0000A00016811F10C0343E800210029F1D10F
:1056E000202180F8421000210163704738B5040082
:1056F000A56B0020E885280000F0AEFE31BD00005B
:10570000010091F8410021282BD18868B0F5805F15
:105710000DD1086900280AD1086A02001088C00566
:10572000C00D0B685860086A801C086205E0086AB2
:10573000431C0B6200780B685860C88C401EC884FC
:1057400080B200280BD10868C06830F080000B6878
:10575000D8600868C06850F040000B68D86000202E
:1057600000E00220704710B504002068C06830F0E7
:1057700040002168C860202084F84100200000F02B
:1057800082FE002010BD7CB504000025002694F8A0
:105790004200222872D1A068B0F5805F0DD1206947
:1057A00000280AD1A06A060020684068C005C00D24
:1057B0003080A06A801CA06217E0A06A0500A06883
:1057C000B0F5805F05D0A068002806D120690028C8
:1057D00003D120684068287004E02068406810F019
:1057E0007F002870A06A401CA062E08D401EE0850A
:1057F00080B2002840D12068C06830F020002168C5
:10580000C8602068C06830F480702168C860206873
:1058100040694008400021684861202084F8420027
:1058200000206063206B012821D1002020632068C4
:105830000C3050E8000F30F010000100206810F12B
:105840000C0242E800100028F1D120680068C00670
:1058500008D500200090206800680090206840680B
:1058600000900098A18D200000F0CDFD02E0200006
:1058700001F06DFA002002E0002000E0022076BD79
:105880002DE9F84F84B005002868016931F44051D2
:10589000E868014328680161D5F808B0286950EA32
:1058A0000B0B686950EA0B0BE86950EA0B0B286890
:1058B000C168B54801405BEA01012868C1602868F9
:1058C000416931F44071A869014328684161286841
:1058D000AE49884203D02868AD49884203D1FDF71C
:1058E00017FB040002E0FDF708FB0400E869B0F5CF
:1058F000004F40F0A1805FF0640A022600275FF0AD
:1059000019085FF0000922000023A8FB020108FB30
:10591000031109FB0211CDE9000168680021A6FB13
:10592000002306FB013307FB0033DDE90001FCF730
:10593000FBF86421B0FBF1F0039022000023A8FBE8
:10594000020108FB031109FB0211CDE9000168689F
:105950000021A6FB002306FB013307FB0033DDE932
:105960000001FCF7E1F8029022000023A8FB0201ED
:1059700008FB031109FB0211CDE900016868002151
:10598000A6FB002306FB013307FB0033DDE9000122
:10599000FCF7CAF86421B0FBF1F102980AFB11018F
:1059A000C80032306421B0FBF1F0400010F4F87010
:1059B000039910EB0110029022000023A8FB0201C2
:1059C00008FB031109FB0211CDE900016868002101
:1059D000A6FB002306FB013307FB0033DDE90001D2
:1059E000FCF7A2F8009022000023A8FB020108FBAC
:1059F000031109FB02118046894668680021A6FB55
:105A0000002306FB013307FB003340464946FCF701
:105A10008BF86421B0FBF1F100980AFB110A5FEAF0
:105A2000CA0032306421B0FBF1F111F00701029895
:105A30000918286881609EE0042600275FF0640A48
:105A40005FF019085FF0000922000023A8FB0201A3
:105A500008FB031109FB0211CDE900016868002170
:105A6000A6FB002306FB013307FB0033DDE9000141
:105A7000FCF75AF86421B0FBF1F0039022000023F8
:105A8000A8FB020108FB031109FB0211CDE900018B
:105A900068680021A6FB002306FB013307FB0033E7
:105AA000DDE90001FCF740F8029022000023A8FB8A
:105AB000020108FB031109FB0211CDE9000168682E
:105AC0000021A6FB002306FB013307FB0033DDE9C1
:105AD0000001FCF729F86421B0FBF1F102980AFB00
:105AE0001101080132306421B0FBF1F010F0F00038
:105AF000039910EB0110029022000023A8FB020181
:105B000008FB031109FB0211CDE9000168680021BF
:105B1000A6FB002306FB013307FB0033DDE9000190
:105B2000FCF702F8009022000023A8FB020108FB0A
:105B3000031109FB02118046894668680021A6FB13
:105B4000002306FB013307FB003340464946FBF7C1
:105B5000EBFF6421B0FBF1F100980AFB110A5FEA48
:105B60000A1032306421B0FBF1F111F00F010298FC
:105B700009182868816005B0BDE8F08F73540008EB
:105B80001D55000843550008F369FFFF0010014050
:105B90000014014070B504000026FDF721FA05004D
:105BA000002C01D1012065E0606A0028022084F801
:105BB0003500002084F83400206800684008400068
:105BC0002168086020680068C0070BD5FDF708FA57
:105BD000401B0628F6D320206065032084F835009A
:105BE000032047E020680168DFF84804014062684C
:105BF000A0680243E06802432069024360690243EF
:105C0000A0690243E0690243206A02431143606ACB
:105C1000042803D1E26A206B02431143206801602B
:105C200020684669F608F600606A0643606A042840
:105C300010D1A06A0643E06A00280BD0200000F0D3
:105C4000FFF9002806D040206065012084F8350067
:105C500001200FE020684661200000F0D1F901002A
:105C60003F22E06D82408A6000206065012084F858
:105C70003500002070BD2DE9F84304000D0016002A
:105C80001F005FF00008D4F8589094F83400012801
:105C900001D1022033E0012084F8340094F835006B
:105CA000012825D1022084F83500002060653B00E2
:105CB00032002900200000F08CF93F21E06D814086
:105CC000C9F808102068006850F0160021680860C4
:105CD000206C002805D02068006850F0080021687A
:105CE00008602068006850F001002168086004E046
:105CF000002084F83400022080464046C0B2BDE84F
:105D0000F28370B50400A56DFDF76AF9060094F8FA
:105D10003500022806D080206065002084F8340019
:105D200001203BE02068006830F016002168086020
:105D30002068406930F0800021684861206C0028AC
:105D400002D1A06C002805D02068006830F008005F
:105D500021680860206800684008400021680860E9
:105D600020680068C0070ED5FDF73AF9801B0628A9
:105D7000F6D320206065032084F83500002084F8E5
:105D8000340003200AE03F21E06D8140A96001203A
:105D900084F83500002084F83400002070BD010034
:105DA00091F83500022803D080204865012009E0E1
:105DB000052081F8350008680068400840000A683E
:105DC000106000207047F8B5040000200090DFF854
:105DD000680200684FF41651B0FBF1F5A66D376804
:105DE0000821E06D11FA00F0074210D02068006829
:105DF00040070CD52068006830F00400226810606D
:105E0000E06D8140B160606D50F001006065E06D53
:105E10003900C140C8070BD520684069000607D586
:105E20000121E06D8140B160606D50F0020060655D
:105E30000421E06D11FA00F007420AD020680068E2
:105E4000800706D5E06D8140B160606D50F00400C0
:105E500060651021E06D11FA00F007422CD0206837
:105E60000068000728D5E06D8140B16020680068B7
:105E7000400311D520680068000306D4206C002878
:105E80001AD02000216C884716E0A06C002813D09F
:105E90002000A16C88470FE020680068C00505D489
:105EA0002068006830F0080021680860206C002835
:105EB00002D02000216C88472021E06D11FA00F00B
:105EC00007425FD020680068C0065BD5E06D814066
:105ED000B16094F83500052828D12068006830F0BA
:105EE0001600216808602068406930F08000216851
:105EF0004861206C002802D1A06C002805D02068E1
:105F0000006830F00800216808603F21E06D8140A2
:105F1000B160012084F83500002084F83400206D41
:105F2000002802D02000216D88474FE020680068DB
:105F3000400311D520680068000306D4606C002877
:105F400020D02000616C88471CE0E06B002819D04D
:105F50002000E16B884715E020680068C0050BD47D
:105F60002068006830F0100021680860012084F883
:105F70003500002084F83400E06B002802D02000B7
:105F8000E16B8847606D002820D0606DC00717D591
:105F9000052084F83500206800684008400021682A
:105FA00008600098401C0090854203D32068006878
:105FB000C007F6D4012084F83500002084F83400AE
:105FC000E06C002802D02000E16C8847F1BD406DF4
:105FD000704730B40468246834F4802405682C6069
:105FE000046863608468402C04D10468A26004687B
:105FF000E16003E00468A1600468E26030BC7047BF
:10600000017801F0FF0110391822B1FBF2F10B4ABF
:10601000525CC265042905D30268920A9202121DDD
:10602000826503E00268920A92028265806D704781
:10603000000000003F8010F048000020F48D0008B0
:1060400010B402000020936A9169002916D1002B38
:1060500005D0022B03D008D3032B0DD00DE0D16A5D
:10606000C90101D50121080035E0D16AB1F1C07F35
:1060700001D1012108002EE02DE02CE09169B1F55D
:10608000005F18D1002B05D0022B03D005D3032BC2
:1060900009D00FE0012108001DE0D16AC90101D536
:1060A0000121080017E0D16AB1F1C07F01D10121BF
:1060B000080010E00FE019000029022902D9C91ECA
:1060C00003D008E00121080005E0D16AC90101D52B
:1060D00001210800FFE7C0B210BC70470021016039
:1060E000D0210171002181600021818100210161A5
:1060F0000021416100218161704701608260704729
:106100001FB504002068002801D1002057E00020BE
:106110008DF80C00642002900120019003A80090EB
:1061200001236B22217989B22068FBF7D9FF00286F
:1061300001D0002043E00A20FDF744FA03208DF847
:106140000C00642002900120019003A8009001231C
:106150001A22217989B22068FBF7C2FF00208DF84E
:106160000C00642002900120019003A800900123FC
:106170001B22217989B22068FBF7B2FF00208DF83D
:106180000C00642002900120019003A800900123DC
:106190001C22217989B22068FBF7A2FF09208DF823
:1061A0000C00642002900120019003A800900123BC
:1061B0001922217989B22068FBF792FF012004B0EF
:1061C00010BD0000F8B584B0040000254FF47A76C5
:1061D0004FF4FA70FDF7F6F90027B7421BDA0A20F0
:1061E00002900220019003A8009001234722217908
:1061F00089B22068FCF72CF8002807D19DF80C1014
:106200009DF80D0050EA012005FA80F50120FDF708
:10621000D9F97F1CE1E700EE105AB8EEC00A00EE93
:10622000906AF8EEE00A80EE200ADFED470A80EE81
:10623000200A84ED040A05B0F0BD000070B52DED14
:10624000028B84B00400A0680068456A2800A18918
:1062500080B2884202D3A689AE1B01E0A689AE1B9C
:10626000A581300080B200EE100AB8EE400ADFEDE2
:10627000370A80EE208A0A2002900220019003A8AB
:10628000009001234722217989B22068FBF7E0FFC3
:10629000002854D19DF80C109DF80D0050EA012003
:1062A000010009B200EE101AB8EEC00ADFED260AAE
:1062B00080EE200AD4ED040A30EE600A84ED060A6E
:1062C00094ED060ADFED220AB4EE600AF1EE10FA50
:1062D0000ADB94ED060ADFED1F0AB4EE600AF1EE68
:1062E00010FA01D50021A16194ED060AD4ED050A4A
:1062F00040EE080AC4ED050A94ED050ADFED160A22
:10630000B4EE600AF1EE10FA08DB94ED050ADFED59
:10631000130A30EE200A84ED050A10E094ED050A18
:10632000DFED0F0AB4EE600AF1EE10FA07D594ED36
:10633000050ADFED0C0A30EE200A84ED050A04B0F0
:10634000BDEC028B70BD00000000034300247449C3
:10635000CCCC4CBECDCC4C3E010034430000B4C389
:10636000000034C30000B44310B5FCF739FE134CF1
:106370002168401A642807D3FCF732FE20601048D9
:10638000016891F40051016010BD38B50D480078E6
:10639000012801D1642401E04FF47A74FCF720FE57
:1063A000094D2968401AA04207D3FCF719FE28605E
:1063B0000348016891F40051016031BDF0060020EE
:1063C0001408024000000020F406002080B5324886
:1063D00000F0BFFC01BDF8B504000D0016001F0061
:1063E000256066602781228961682068FEF7FAFDD2
:1063F0002068C06B0068006830F008002168C96B35
:1064000009680860F1BD38B504000D002068234913
:10641000884220D1280080B2C82805D20020204917
:106420002A0092B2885403E000201D4981F8C70079
:1064300001201C4948702000FEF711FEC8221849AF
:106440002000FEF7CFFDE06B0068006830F0080028
:10645000E16B0968086031BD10B5040020680F4980
:1064600088420FD12000FEF7FAFDC8220C49200017
:10647000FEF7B8FDE06B0068006830F00800E16BE3
:106480000968086010BD0168044A914202D10121E7
:10649000044A9170704700009006002000140140EB
:1064A000D0000020000000202DE9F04105000E0082
:1064B00017009846069C2E606F60220092B24146FB
:1064C00015F1080000F04CFC6868002806D004288C
:1064D00009D008280CD00C280FD013E028680068D9
:1064E0003430686211E028680068383068620CE077
:1064F000286800683C30686207E02868006840301F
:10650000686202E000206862FEE728680068C06AEE
:10651000286269682868FEF7D6F8280000F023F89A
:10652000BDE8F08170B504000D001600206A290056
:1065300089B2884215D33000C0B2002804D114F1CA
:10654000080000F01AFC07E03000C0B2012803D1B7
:1065500014F1080000F016FC280080B2616A08609F
:1065600000E0FEE770BD0021426A11607047000044
:1065700010B59FED720A724CD4ED030A94ED021A25
:1065800070EEC10A94ED021A00EE801A84ED021A30
:10659000F2EE040A94ED031AD4ED021A31EE611AF8
:1065A000B0EEC11AB4EE601AF1EE10FA01D5E0684F
:1065B000A06094ED0B1AD4ED0A1A31EE611AD4EDF5
:1065C0000A1A41EE001AC4ED0A1A94ED0B1AD4ED22
:1065D0000A1A31EE611AB0EEC11AB4EE601AF1EE89
:1065E00010FA01D5E06AA06294ED071AD4ED061AFC
:1065F00031EE611AD4ED061A41EE001AC4ED061A06
:1066000094ED071AD4ED061A31EE611AB0EEC11AF4
:10661000B4EE601AF1EE10FA01D5E069A06194EDD4
:106620000F1AD4ED0E1A31EE611AD4ED0E1A41EEA6
:10663000001AC4ED0E1A94ED0F0A94ED0E1A30EE06
:10664000410AB0EEC00AB4EE600AF1EE10FA01D5CC
:10665000E06BA06394ED020AB5EE400AF1EE10FA89
:1066600001DB012000E00020207194ED0A0AB5EE64
:10667000400AF1EE10FA01DB012000E0002084F86E
:10668000240094ED060AB5EE400AF1EE10FA01DBA3
:10669000002000E00120207594ED0E0AB5EE400ABE
:1066A000F1EE10FA01DB002000E0012084F8340054
:1066B000227994ED020AB0EEC00ABDEEC00A10EED7
:1066C000100A010089B21F48FFF72CFF227D94EDCC
:1066D000060AB0EEC00ABDEEC00A10EE100A0100B4
:1066E00089B21948FFF71EFF94F8242094ED0A0A96
:1066F000B0EEC00ABDEEC00A10EE100A010089B269
:106700001248FFF70FFF94F8342094ED0E0AB0EE14
:10671000C00ABDEEC00A10EE100A010089B20C4892
:10672000FFF700FF10BD06480021C1600021C161D4
:106730000021C1620021C16370470000CDCC4C3DF7
:1067400000000020B4050020DC0500200406002025
:106750002C0600202DE9F8432DED0C8B7D4E707832
:10676000002800F0AF80002070707B4C7B4F3B0016
:1067700022007B497B4800F009FB022840F0A28000
:10678000FCF72EFC784908609FED789B206800F0AC
:1067900011FB80468946386800F00CFB53EC192B3E
:1067A000FBF7CAF800225FF08043FAF77FFF020090
:1067B0000B0040464946FAF707FF00F01FFB08EEC2
:1067C000100A206800F0F6FA04000D00386800F0A6
:1067D000F1FA53EC192BFBF7AFF800225FF080437E
:1067E000FAF764FF22002B00FBF7BAFA00F006FB71
:1067F00008EE900AB5EE408AF1EE10FA02DB9FED4A
:106800005D9A01E09FED5C9AF5EE408AF1EE10FA98
:1068100002DBDFED589A01E0DFED579AB0EE48AAAF
:10682000B0EECA0A554CDFED56AA9FED56BAF2EE0D
:106830000EBA9FED55CAF8EEC9CAB0EE4C2AF0EE7A
:106840006B1AB0EE4B1AF0EE6A0A00F00BFB2CEE5E
:10685000800A84ED000AF0EE68CAB0EEEC0A544DEE
:10686000B8EEE9DAB0EE4C2AF0EE6B1AB0EE4B1A45
:10687000F0EE6A0A00F0F6FA2DEE000A85ED000A45
:1068800094ED000AF0EEC00AB2EE001AF4EE410AEE
:10689000F1EE10FA01D50020206095ED000AF0EE2F
:1068A000C00AB2EE001AF4EE410AF1EE10FA01D578
:1068B000002028602068F062F06AF0602868F063C9
:1068C000F06BF061BDEC0C8BBDE8F18370B58AB064
:1068D000FCF786FB2D4D2968401A322838D31D4C11
:1068E000A078002834D0FCF77BFB2860284D294E87
:1068F0002948006800F05EFACDE9080127480068E1
:1069000000F058FACDE906012548006800F052FA77
:10691000CDE904012348006800F04CFACDE90201FA
:106920002148006800F046FACDE900011F4AC8215D
:10693000300000F0AFFA28602868012808DB00204A
:10694000A0702868020092B231001A48FEF7F7FAE8
:106950000AB070BD00000020E4060020E806002018
:10696000EC8D0008D0000020D40600209A99999957
:106970009999D93F01000000FFFFFFFFDC060020CE
:10698000CDCC4C3EF628BC3F0000C842D8060020C3
:10699000EC06002098010020B0060020AC06002084
:1069A000A4060020A00600209C060020188D0008E8
:1069B000E00600206C0500202DE9F84F9A48006899
:1069C000406A009099480068406A99490968496A94
:1069D000984A1268526A984B009C1F68E71B974CB4
:1069E000D4F800C0B0EB0C0C954DD5F800E0B1EB3D
:1069F0000E0E944ED6F80080B2EB080848F201095A
:106A00004F4504DB07F17F4717F57F0704E017F5D3
:106A1000004F01DA17F58037CC4504DB0CF17F4CD1
:106A20001CF57F0C04E01CF5004F01DA1CF5803CDE
:106A3000CE4504DB0EF17F4E1EF57F0E04E01EF501
:106A4000004F01DA1EF5803EC84504DB08F17F489F
:106A500018F57F0804E018F5004F01DA18F58038C2
:106A6000DFED790A1EEB0709B9EB0C09B9EB080950
:106A700001EE109AB8EEC11AF1EE001A81EE211A59
:106A800021EE201ADFF8C49189ED001ADFF8C091D9
:106A900001EE107AB8EEC11A21EE201A81EE001A2A
:106AA00089ED041A01EE10EAB8EEC11A61EE200A6F
:106AB000C0EE800AC9ED0C0ADFED660A01EE10CACD
:106AC000B8EEC11A21EE201A81EE001A89ED081ADB
:106AD00001EE108AB8EEC11A61EE200AC0EE800AFB
:106AE000C9ED100ADFF870A1D9ED0C0A99ED041A6E
:106AF00070EE810AB0EE001AC0EE810ACAED000AFB
:106B0000DFF858B1D9ED100A99ED081A70EE810A34
:106B1000B0EE001AC0EE810ACBED000ADAED000AF1
:106B20009BED001A70EE810AB0EE001AC0EE810AE9
:106B3000DFF84C91C9ED000ADDF80090C3F8009031
:106B4000206029603260BDE8F18F000010B52DEDA6
:106B5000048BB0EE408A9FED429B434CA06900F04D
:106B600029F953EC192BFAF7E7FE00F047F93F49F2
:106B700008603F4861690160006800F01BF953EC50
:106B8000192BFAF7D9FE00F039F93B490860BDEC42
:106B9000048B10BD70B52DED028BB0EE408A354CE4
:106BA0002A4D354E96ED000A00F082FAD5ED000A26
:106BB00094ED001A00EE801A84ED001A314C96ED27
:106BC000000A00F077FAD5ED000A94ED001A00EE05
:106BD000801A84ED001ABDEC028B70BD10B52DED4E
:106BE000028BFCF7FDF9040024480168611A64294E
:106BF00016D30168611A00EE101AB8EE400ADFEDF4
:106C0000220A80EE208A0460B0EE480AFFF7D4FE24
:106C1000B0EE480AFFF79AFFB0EE480AFFF7BAFF56
:106C2000BDEC028B10BD000074030020BC030020EB
:106C30004C04002004040020C4060020C8060020E4
:106C4000CC060020D00600206F120337BC060020BF
:106C5000000000206F1203B7B4060020B806002021
:106C6000399D52A246DF913F74060020B0060020F5
:106C7000A80600209C060020A4060020C0060020D4
:106C8000AC060020A006002000007A4438B52C4C49
:106C90002C4D10222900200000F008F84FF400428B
:106CA000290014F1100000F001F831BD016082806C
:106CB0000023C380002303810023C36070470100C9
:106CC000080080B2012801D1002007E0080080B24E
:106CD000022801D1012001E05FF0FF3070472DE96B
:106CE000F04104000D001600200080B2FFF7E7FF1E
:106CF000070017F1010F20D03000C0B2012804D1E5
:106D00000F4839010844C58017E0DFF834803801A6
:106D10004044058138014044008939014144C98813
:106D2000401A80B2FAF7FAFD0022074BFAF7BEFCD0
:106D300000F064F839014144C860BDE8F08100000A
:106D4000540600200000024000004D40704770478C
:106D500070470021016000214160002101817047DE
:106D600011F11803036011F11403436011F11003D2
:106D7000836013009BB2C3607047C1680904026856
:106D800011607047C1680268116070470DB4C0B5EA
:106D90000A4604A800210190009101AB03A9044810
:106DA00078440C3000F0B0F906BC5DF810FB00BF71
:106DB000FFA3FFFFC0F3C75181B1FF2906D0C11067
:106DC000400721F0E04101F16051704741020CBFE2
:106DD00040F4E0016FF000410020704700F00041F6
:106DE00000020AD0B0FA80FC00FA0CF001F1605108
:106DF000A1EB0C5101EBD0214005704701F000429E
:106E00008B1AA3F16051B1F5801F0ADBB1F17F6FDE
:106E10001FD242EAC102C10071F1004142EB507041
:106E200070470B15C3F10903212B10D2890241EAE7
:106E3000905180020128494141F0004121FA03F0BC
:106E4000C3F12003994071F1004150417047100097
:106E500070476FF0000013EB103F5CBF000E42EA7A
:106E6000C0507047F0EE402AF4EE410AF1EE10FAFD
:106E700002D1B0EE610A0BE032EEE00A32EE612A96
:106E800020EE020A71EE600A80EE200A30EE210A3E
:106E90007047000008B438B585B009AC00250494EB
:106EA000039500290EBF01950190491E029100959E
:106EB00004AB01A9074878441A30F9F76DF9019934
:106EC00001B10D70002858BF039806B030BC5DF8C2
:106ED00008FB00BF6FA3FFFFDFED650A60EE200A2D
:106EE00010EE901A21F0004101EE101ADFED611A48
:106EF000B4EE611AF1EE10FA27D510EE902A4FF099
:106F00007C5102F00042114301EE101A70EE810A2A
:106F1000FDEEE00A10EE901A00296ED0FAEEC90AD2
:106F20009FED551A00EEC10ADFED541A00EEE10A9A
:106F30009FED532A00EEC20ADFED522A00EEE20A6C
:106F40009FED511A00EEC10A57E010EE101A4900E9
:106F50000916491C10EE101A09D149000816401CE8
:106F600002D1090240F083809FED480A7047490032
:106F700004D100287BD0B7EE000A704710EE902AAB
:106F80004FF07C5102F00042114301EE101A70EEF6
:106F9000810A10EE902A51000FD0090EC1F196011E
:106FA0001829A8BF02F0004205DA0029C4BF22FA5E
:106FB00001F303FA01F200EE902A10EE901A490054
:106FC00017D09FED331A20EE811ADFED2B1A01EE58
:106FD000610A9FED2A2A01EE420ADFED292A01EE1D
:106FE000620A9FED283A01EE430ADFED271A01EE0F
:106FF000610AFDEEE00A10EE901A10EE102A22F05F
:10700000004200EE902A9FED231A01F00301F4EEF6
:10701000410A0818F1EE10FA00F0010103D511B38E
:10702000B7EE000A1FE060EE000A71B19FED1A0A88
:107030009FED1A1A00EE801ADFED191A41EE201AA0
:10704000B7EE000A01EEA00A0DE09FED162ADFED73
:10705000161A40EE821ADFED152A20EE201A41EEB4
:10706000A02A01EE220A800748BFB1EE400A70470D
:1070700083F9223F0000004F0000C94600A0FD40F8
:107080000020A23A000034330030C22EFFFFFF7F01
:1070900000008038000080399349B2BA36A02A3DFA
:1070A000DFFFFFBE6E8C4CB94283083CA1AA2ABE0A
:1070B000012011E700200FE7034608460122C168BE
:1070C000491CC16000210068184703460846C16892
:1070D0000269491C521E002A0261C16003D4006883
:1070E0000122002118474FF0FF3070470346084641
:1070F0001146C268521E11F1010FC26002D0006831
:1071000000221847704700002DE9F84F9AB04FF061
:10711000FF34009100261B68019302920DF13F029B
:10712000249B8DF81F30A04603961992814613E0E8
:107130000398401C0390012200980021C84706468E
:1071400000F098FE0028F3D1324669464846FFF722
:10715000CDFF0298411C02910298007800F08AFE4F
:107160000028E5D1029E307890B1252815D1701CF9
:10717000029001782A2911BF0021401C029010F8CA
:10718000011D8DF81C1000210591DFF8840A20E014
:107190004045B8BF404600F038BD0398401C0390FE
:1071A000012200980021C84731788842D1D0024698
:1071B00069464846FFF79AFF0020E9E705998142B2
:1071C00005DA01EB810602EB4602303A0592591CC2
:1071D0000291029B1A78A2F130010A29EED306949B
:1071E0000FF630201978F9F7D7FF20B10298401C2C
:1071F0000290401E00788DF81D009DF81D00682843
:1072000005D10299087868280CD1622206E06C2822
:1072100002BF029908786C2804D17122491C8DF8AC
:107220001D200291029801780FF6F010F9F7B4FFD3
:1072300080B90398401C0390012200980021C847A0
:10724000064600F017FE0028F3D13246694648464C
:10725000FFF74CFF00208DF81E00029801782539B9
:107260002DD01C3900F09080091F022940F28C803B
:10727000133900F02A83C91E1ED0891F00F08480B4
:10728000891E00F0AC84491E00F01F83491E0229AC
:107290007AD9091F00F01983491F33D0491E0129EB
:1072A00040F21383091F2AD0891E00F00E83C91EE5
:1072B00000F00B8300F0A3BC224600F091BC0398C1
:1072C000401C039001220098C8470646252E0CD189
:1072D000B8F1000F9DF81E0048BF4FF000080028CD
:1072E0003FF437AF08F1010833E7324669464846B4
:1072F000FFF7FCFE16F1010F40F0818489E30122C3
:1073000000F06EBC9DF81C000028E1D19DF81D0026
:1073100062282DD0682811D06A281BD06C2801D093
:10732000712817D0019951F8040B019118B90FF683
:10733000E82000F050BC03990160C9E7019951F8B9
:10734000040B019118B90FF6D02000F044BC03994A
:107350000180BDE7019951F8040B019118B90FF6AE
:10736000B82000F038BC039AD317C0E90023AFE778
:10737000019951F8040B019118B90FF69C2000F007
:107380002ABC03990170A3E705980028D8BF6FF0C5
:107390000040049069464846FFF797FE00262B28D8
:1073A00018BF2D280DF1280A07D18DF8280069464D
:1073B0004846FFF78AFE0DF1290A0A2700253028E2
:1073C00018D169464846FFF780FE40F02001C9B257
:1073D000782902D00125294601E130208AF80000F1
:1073E0008AF8011048466946FFF76FFE0AF1020A63
:1073F0001027F0E740F02001CAB26E2A4CD16E206F
:107400000AF8010B69464846FFF75FFE83464BF0DA
:1074100020000027C0B2612840F0908161210AF865
:10742000011B48466946FFF750FE83464BF020009B
:10743000C0B26E2840F0828169464846FFF745FE9B
:10744000282806D0024669464846FFF74FFE6E20C0
:107450005CE00498401E049005D469464846FFF756
:107460002BFE834603E00399491C0391A346CDF804
:1074700020B0584600F008FD0028EAD1ABF13000FA
:107480000A28E6D308985F28E3D08346BBF1290F8A
:1074900040F054816E2039E0C9B2692940F0A680DD
:1074A00069200AF8010B69464846FFF70EFE83463D
:1074B0004BF020000027C0B26E2840F03F816E21C3
:1074C0000AF8011B48466946FFF7FFFD83464BF06B
:1074D0002000C0B2662840F0318103980499401C16
:1074E000491E00290491039004D400980122002130
:1074F000C84700E0204640F02001C9B2692908D001
:10750000024669464846FFF7F1FD66200AF8010B7E
:107510001AE103980499401C491E00290491039024
:1075200005D4009801220021C847834600E0A34605
:107530004BF02000C0B26E2840F0008103980499FF
:10754000401C491E00290491039005D40098012293
:107550000021C847834600E0A3464BF02000C0B29C
:10756000692840F0EB8003980499401C491E0029CB
:107570000491039005D4009801220021C847834656
:1075800000E0A3464BF02000C0B2742840F0D68043
:1075900003980499401C491E00290491039005D4C6
:1075A000009801220021C847834600E0A3464BF023
:1075B0002000C0B2792840F0C18066210AF8011B82
:1075C000C2E00398401C0390204607E00498401E48
:1075D0000490F6D469464846FFF76EFD0121302835
:1075E000F4D00D4611B130210AF8011B834628461C
:1075F00000250EE00398401C0390A34608E0049881
:10760000401E0490F6D469464846FFF755FD834670
:1076100001201BF1010F1BD05FFA8BF2612AA8BF7A
:10762000ABF157010ADA412AA8BFABF1370105DAFD
:10763000303A0A2A34BFABF13001FF21C9B2B94256
:1076400006D2242DBABF0AF801BB6D1C761CD6E702
:107650008DF820000995FAF761FA406A01788B45A8
:1076600010D10AF801BB03980499401C491E002957
:107670000491039005D4009801220021C847834655
:1076800000E0A3460998E8B99DF820000FE00398B0
:10769000401C0390A34609E00498761E401E049007
:1076A000F5D469464846FFF707FD83460120BBF144
:1076B000300FF1D0002E8DF8200003D530200AF8CD
:1076C000010B761C9DF82000099D13E00398401CD7
:1076D0000390A3460DE0242DBCBF0AF801BB6D1C2E
:1076E0000498401E0490F1D469464846FFF7E4FC34
:1076F000834601201BF1010F14D05FFA8BF2612A3F
:10770000A8BFABF157010ADA412AA8BFABF1370194
:1077100005DA303A0A2A34BFABF13001FF21C9B291
:10772000B942D8D3054648B14BF020000A2FC0B269
:1077300035D1652835D001E083460D465A46694665
:107740004846FFF7D3FC15B300218AF800109DF8D6
:107750001C0000287FF4BCAD0A2F0B4674DC3246B7
:107760000AA800F027FD01228DF81E20019A9DF83D
:107770001D60131D6C2E40F0938012680193002A47
:1077800040F08B806248784400F5C37023E20AA879
:10779000824508BF1BF1010F40F0328239E17028A9
:1077A000CCD10AF801BB0498401E049010D4039871
:1077B000401C0390012200980021C8472B2818BFC5
:1077C0002D2811D10AF8010B0498401E049004D50D
:1077D0000398401C0390204606E00398401C039049
:1077E000012200980021C84700210DE00398401CA9
:1077F0000390204607E00498401E0490F6D46946A2
:107800004846FFF759FC01213028F4D00A001CBF7C
:1078100030220AF8012B0025A0F130020A2A8BD26F
:10782000082DBCBF0AF8010B6D1C0498401E049083
:1078300004D50398401C0390204603E0694648465F
:10784000FFF73AFC0121E7E700220AA800F0B2FCAA
:10785000B2000E4673005B0D02EB030712D0002F3F
:1078600010DD40F2FF72974207DBDFF8A47501F0EC
:10787000004040EA0701002075E76FF31E5646EA14
:10788000075170E720F0000631F0004708BF002ED6
:107890003FF469AFF9F7CAFD65E7C2E9000117E5F2
:1078A0004C2E07D112680193002AF6D1184878446B
:1078B0005E3090E1166801931EB915487844503047
:1078C00089E1FFF79BFA306002E505980028CCBFFC
:1078D000401EDFF84005002808AF049012D403983A
:1078E000401C0390012200980021C8472B2818BF94
:1078F0002D2816D18DF820000DF121070498401E87
:10790000049007D50398401C0390204609E000BF6F
:10791000701300000398401C03900122009800217E
:10792000C847029A12780021642A18BF752A0FD01E
:10793000692A08BF00260CD06F2A08BF082608D085
:10794000702A1CBF42F02002782A02D1102600E0E3
:107950000A26302862D104980125401E049003981D
:1079600005D4401C039001220098C84702E0401C47
:107970000390204640F02001C9B278294BD1002E57
:1079800018BF102E5CD104981026401E0490039856
:1079900007D4401C0390012200980021C84700250D
:1079A0004EE0401C039025464FF0000A02E0574687
:1079B00005468A462A4669464846FFF797FBBAF1CC
:1079C000000F1FD0002139709DF81C0000287FF4A3
:1079D0007FAC02980078642818BF692800F0B68050
:1079E000324608A800F0A8FD01228DF81E20029A58
:1079F0001378702B5BD1019B53F8042B0193002A61
:107A000053D1E7E008A8874208BF15F1010F40F005
:107A1000F6802546F4E09EB9082611E006B90A264C
:107A2000BA462DE00398401C0390204607E00498D6
:107A3000401E0490F6D469464846FFF73DFB0125F9
:107A40003028F4D029460A00EAD0302207F8012B6A
:107A5000E6E70398401C0390204610E0DBB2F2B248
:107A60009342A4D219998A4538BF0AF8010B0498A9
:107A7000401E0490EDD469464846FFF71DFB0121E6
:107A800010F1010F93D0C2B2612AA8BFA0F1570331
:107A9000E4DA412AA8BFA0F13703DFDA303A0A2A34
:107AA00034BFA0F13003FF23D8E7106010E49DF845
:107AB0001D20622A3AD0682A11D06A2A26D06C2A60
:107AC00006D0712A2AD0742A19D07A2A10D036E02A
:107AD000019B53F8042B0193002AE6D17AE0019B25
:107AE00053F8042B0193002A74D01080FFF7F0BBE9
:107AF000019B53F8042B0193002AD6D16AE0019B25
:107B000053F8042B0193002ACFD163E0019B53F873
:107B1000042B0193002A7FF4C0AE5BE0019B53F875
:107B2000042B0193002A7FF4B8AE53E0019B53F875
:107B3000042B0193002A4DD01070FFF7C9BB019BA5
:107B400053F8042B0193002AAFD143E0324608A832
:107B500000F046FD01228DF81E209DF81D20622AAE
:107B6000E4D0682ABBD06A2A1DD06C2A06D0712ABC
:107B700021D0742A10D07A2A07D024E0019B53F830
:107B8000042B0193002A90D124E0019B53F8042B8D
:107B90000193002A89D11DE0019B53F8042B019326
:107BA000002A82D116E0019B53F8042B0193002A8E
:107BB0007FF473AE0EE0019B53F8042B0193002A6F
:107BC0007FF46BAE06E0019B53F8042B0193002A6F
:107BD0007FF46BAF9FA0F9F7F9FA251A05E00022B0
:107BE0006946484600F040F80546002D3FF770AB67
:107BF000249828B115F1230F02D1204605E0002575
:107C0000B8F1000F58BF454628461BB0BDE8F08FBD
:107C1000CBCCCC0C686A6C747A4C000063436E5B0E
:107C200000000000C9B208E003789942A4BF90F8B0
:107C300002C08C4513DAC01CD21E032A0AD3437833
:107C40002D2BF1D010F801CB8C4518BF521EF4D16A
:107C500005E0521E2AB110F8013B8B42F9D10120F8
:107C600070470020704700002DE9F04F9246002732
:107C7000BAF1000F83B080460E464FF0000B25D5B9
:107C8000B068411CB160084601785E2903BF401C02
:107C9000B06010F8019DB946B56828785D280CBF22
:107CA000681C28465D21F9F777FA002800F0A880C3
:107CB000411B0091B0600098032807DB821E2D2134
:107CC000681CF9F7CBFA08B14FF0010B7069002876
:107CD00005DCBAF1000F14BF6FF0004001203061E5
:107CE000307F002801BF706850F8044B7060002C92
:107CF00008D14FF0FF3402487844001D11E000BF66
:107D0000140F0000307FA8B9F07F98B1716851F866
:107D1000040B7160B0F1004FC0F007804FF0FF34EA
:107D200044A0F9F753FA201A6FE0B169884288BF7E
:107D30000846B061CDF80490CDF808B0DDF80090A9
:107D40001AE0306801220021C04783461BF1010F71
:107D50003ED0BAF1000F1ADD00F08CF8002837D1C0
:107D6000307F40B9B06990B304F801BB0121B0691C
:107D7000B177401EB0610227F0683169401C491E8E
:107D800000293161F060DCD54FF0FF3B20E0E7D502
:107D90000298002801980DD100284A4659462846E5
:107DA00004D1F9F75BFA0028DAD111E0F9F756FAB5
:107DB00070B9D5E700284A465946284604D1FFF74E
:107DC00031FF0028CCD103E0FFF72CFFF0E70127BB
:107DD00040465A463146FFF789F9BAF1000F01D003
:107DE000022F09D0022F0FD0F80702D41BF1010F88
:107DF00006D14FF0FF3008E0307F28B9B06908B9EC
:107E0000002002E000202070012003B0BDE8F08FC8
:107E10000000F07FFEFFFF7F7363616E665F733A61
:107E20002062616420256E20617267756D656E74D5
:107E3000000000007363616E665F733A20626164E4
:107E40002025632C2025732C206F7220255B207346
:107E5000697A65007363616E665F733A206261647C
:107E600020696E746567657220617267756D656EF5
:107E70007400000010B50446F9F74EFE0146204696
:107E8000096ABDE81040084710B50446F9F744FEFA
:107E9000014620460969BDE8104008472DE9B04C6D
:107EA00041EC100B2DED028B43EC182B53EC102BF7
:107EB00023F00041B1F5801F82B00DD200220029CD
:107EC00008BF0028009216D06A4651EC100BF9F753
:107ED00045FA41EC100B0EE0DFF86C44DFF87074EB
:107EE00004EB115000903B40DFF86004924643EAF7
:107EF000000B4BEC10AB53EC102B51EC180BF9F7BB
:107F00001BFD41EC100B4800009A400D1218C8B13F
:107F1000002A17DD40F2FF70824209DB9FEDA11BB2
:107F200053EC112B01F000410B4343EC102B17E0F5
:107F30006FF31E5141EA025155EC104B0D4645ECD2
:107F4000104B0DE051EC100B31F0004108BF002840
:107F500006D0009A51EC100BF9F768FA41EC100BBF
:107F600002B051EC100BBDEC028BBDE8B08C0000F0
:107F7000F8B52DED048B140082B041EC180B1D46B2
:107F800000F0088120F0000231F0004308BF002A11
:107F900000F0008148004015401C02D1090300F0A8
:107FA000F980002C9FED819B40F1998064427C4FC9
:107FB0007F4407F5F67708260CE0E00707D5D7E9F8
:107FC000002351EC190BF9F7B7FC41EC190B6408CD
:107FD0000837761E002C18BF002EEED153EC182B5C
:107FE00023F00041B1F5801F22F000000BD20022E7
:107FF000002908BF0028009213D06A4651EC180BE4
:10800000F9F7ACF90BE0DFF8406306EB1150009094
:10801000DFF83813DFF8380303401046194341EC0A
:10802000180B51EC180B53EC192BF9F73FFB41ECF3
:10803000180B4800009A400D1218C8B1002A17DD2D
:1080400040F2FF70824209DB9FED560B53EC102B80
:1080500001F000410B4343EC182B17E06FF31E5166
:1080600041EA025157EC186B0F4647EC186B0DE0D4
:1080700051EC180B31F0004108BF002806D0009ADF
:1080800051EC180BF9F7D2F941EC180B51EC180B25
:1080900020F0000231F0004308BF002A64D04800FD
:1080A0004015401C01D109035ED0002C5CD0A94AC8
:1080B000A94B51EC180BFFF7F1FE20F0000231F054
:1080C000004308BF002A41EC180B4DD04800401572
:1080D000401C01D1090347D0641EE8D144E043DDD0
:1080E0002F4F7F44BA370826E00707D5D7E900238A
:1080F00051EC190BF9F720FC41EC190B641008370F
:10810000761E002C01DD002EEED153EC192B51EC24
:10811000180BFFF7C3FE20F0000231F0004308BF48
:10812000002A41EC180B1FD048004015401C01D11B
:10813000090319D0002C17DD884A914B51EC180B1C
:10814000FFF7ACFE20F0000231F0004308BF002A28
:1081500041EC180B08D048004015401C01D1090320
:1081600002D0641E002CE7DC51EC180B20F000025A
:1081700031F0004308BF002A05D048004015401CDC
:1081800008D1090306D1AFF300801DB1286840F083
:108190000100286002B051EC180BBDEC048BF4BD5B
:1081A000980A0000000000000000F07F00000000BE
:1081B0000000F03F2DE9F14D81B05FEA03082DED9D
:1081C000028B84B01CBF0020C8F80000079D0C463D
:1081D000934607A800F007FAC11020F00800012814
:1081E00001F0010A30D10220009001AB079922462C
:1081F000284600F089FA040008BF9FED620B1ED0EC
:108200000298F9F7CFF9022C41EC100B17DB03AF02
:10821000661E9FED538B51EC100B53EC182BF9F7A6
:108220008BFB044657F8040B0D46F9F7BBF92246C1
:108230002B46F9F795FD761E41EC100BEBD101981A
:10824000434600EB0B025DE0022862D1009001ABD7
:1082500007992246284600F033FB040008BF9FED33
:10826000490B1ED00298F9F79DF9022C41EC100B36
:1082700017DB03AF661E9FED3C8B51EC100B53ECEC
:10828000182BF9F759FB044657F8040B0D46F9F77C
:1082900089F922462B46F9F763FD761E41EC100B57
:1082A000EBD151EC100B019A4800400D02EB00039A
:1082B00019D0002B17DD40F2FF70834209DB9FEDE0
:1082C0002C1B53EC112B01F000410B4343EC102B02
:1082D00016E06FF31E5141EA035155EC104B0D4669
:1082E00045EC104B0CE051EC100B31F0004108BF95
:1082F000002805D051EC100BF9F798F841EC100B61
:1083000043465A4651EC100BFFF732FE41EC100B7E
:108310000AE0032808BF9FED160B05D004280CBF08
:108320009FED150B9FED170BBAF1000F05D051EC27
:10833000100B81F0004141EC100B04B051EC100B1C
:10834000BDEC028BBDE8FC8D02FCFFFF0000E03FAE
:10835000FFFF0F80436FAC642806C80A3CBF737FE1
:108360000000000065CDCD41000000000000B041DC
:10837000000000000000F07FFFFFFFFFFFFFFF7F16
:10838000DD4F157500000000000000002DE9FC4FD6
:1083900085B00C4693460BB100221A6002908246CB
:1083A00001E00AF1010A9AF80000FFF763FD0028D6
:1083B000F7D19AF800002D2818BF2B2807BF1AF80C
:1083C000010B8DF800002B218DF80010BBF1000F80
:1083D000019405D4BBF1010F02D0BBF1250F04DBE2
:1083E000002C71D0029820606EE0BBF1000F0DDD13
:1083F000BBF1100F04BF9AF80000302802BF9AF8B2
:10840000010040F02000782814D10EE09AF8000016
:10841000302818BF4FF00A0B0CD19AF8010040F039
:108420002000782804D14FF0100B0AF1020A01E075
:108430004FF0080BCDF810A001E00AF1010A9AF8FC
:1084400000003028F9D00948784420300024283032
:10845000002500260027CDF80CA0A0468DF80100CD
:10846000DFF80890F94409F1040918E05807000002
:108470009DF80110401A5FFA80F85846A0FB0623C9
:108480004FEAEB7100FB073301FB06333446002152
:108490003D4612EB080643EB01070AF1010A9AF880
:1084A000000000F011FB01465A4609F12800F8F7D8
:1084B000D5FE0028DCD1049951455A4607D10198D0
:1084C00010B10199029808600020002130E0039962
:1084D00019F80200AAEB0101081A00281BD410DCCD
:1084E0000023B6EB080067EB03018F4209D301D8E4
:1084F000864206D3D317F9F717FBA94208BFA0425B
:1085000009D0AFF30080069808B1012101604FF057
:10851000FF36374606E09DF800002D2802D176424E
:1085200067EB4707019808B1C0F800A0304639460C
:1085300007B0BDE8F08F000000BF002326E7000071
:108540002DE9F8430D00804691461E4608BF6D4652
:10855000444600E0641C2078FFF78CFC0028F9D129
:1085600027782D2F18BF2B2F05D114F8010FFFF7F7
:1085700081FC50B900E02B2733464A462946204665
:10858000FFF704FF2A68944205D1C5F80080002057
:108590000021BDE8F4832B2F05D14FF00043994211
:1085A00009D2BDE8F4832D2FFBD1B1F1004F12D3D6
:1085B00001D801280FD3AFF300800EB10120306045
:1085C0002D2F19BF4FF0FF306FF0004100204FF00A
:1085D0000041BDE8F483404261EB4101BDE8F48312
:1085E00000BF0023ACE72DE9F84305460C462E6892
:1085F000002700E0761C3078FFF73CFC0028F9D11A
:1086000030782D280CBF08272B2800D1761C307815
:1086100040F020016E2927D1707840F020006128B9
:1086200002BFB07840F020006E2802D02E680027EC
:1086300046E0F61CB046042798F8000028283FD1F1
:1086400018F8019F4846FFF71FFC0028F8D1A9F150
:1086500030000A28F4D398F800005F28F0D02928C9
:108660002ED108F101062BE069292CD1707840F059
:1086700020006E2802BFB07840F02000662802D0AB
:108680002E6800271CE016F8030F40F02000692830
:1086900002BF707840F020006E2847F003070FD12A
:1086A000B07840F02000692802BFF07840F0200048
:1086B000742805D1307940F02000792808BF761D54
:1086C000F4B126601CE0302802BF707840F0200032
:1086D000782813D1B01C01782E2908BF401C0078DF
:1086E000A0F16101062921BFA0F14102062A30381C
:1086F0000A2803D2B61C47F0020701E047F0010741
:108700002E603846BDE8F2832DE9F14F8CB04FF072
:108710000008169DC34605EBC5052D2DC3F800B016
:108720009246C8BF2D25C3F804B0D94602E0491CC3
:108730004FF0010908783028F9D0002411E01868BA
:10874000401C18600A78302A08D04FF0010805E074
:10875000AC42F4DA30380DF80400641C491C4FF0C8
:1087600001090878A0F130020A2AF1D30F461E460B
:10877000F9F7D4F9406A39780278914208BF7F1C32
:10878000002C48460ED1397830290BD13068401E74
:1087900030607F1C0120F6E7302918BF4FF0010838
:1087A0007F1C01203978A1F130020A2A0AD2AC429A
:1087B000F2DAA1F130000DF80400641C3268521E98
:1087C0003260EDE7B8F1000F0DD00DF1FF314A5DD9
:1087D000521C4A5507E00DF1FF32115D49B932686C
:1087E000521C3260641E002CF5DC04BF8DF800B012
:1087F0000124002857D04FF0090994FBF9F9C4F17E
:10880000090309EBC9010B44092193FBF1F1002293
:1088100001EBC101591A1AD04FF0010B17E056F8BD
:108820002B1001EB810105EB410146F82B100CE008
:10883000092193FBF1F101EBC1011DF80250591A16
:10884000EDD10BF1010B46F82B505B1C521CA242E0
:10885000EEDB397841F02001652924D1394617F83B
:10886000012F164D2B2A16BF2D2A17F8014B2B244A
:108870000022002308E0AB4204DA03EB83020CEB96
:108880004203303B7F1C012297F800C0ACF1300E50
:10889000BEF10A0FEFD32D2C346808BF5B421B19C1
:1088A000336002B90F46BAF1000F03D000B90C9F34
:1088B000CAF8007058460DB0BDE8F08F00E1F5052C
:1088C0002DE9F14F8CB04FF0000ADDF85880C3F865
:1088D00000A0C8EBC808B8F1230FC8BF4FF02308A9
:1088E0009146C3F804A0002701E0491C012708783D
:1088F0003028FAD068A201925FF000046CA20092C6
:108900000DF1080B0D461E460EE03068401C30602D
:1089100008E0A045F9DB019A0099801A085C0BF881
:108920000400641C6D1C012795F800105AA0162243
:10893000F8F794FC0028ECD1F9F7F0F8406A2978B0
:108940000278914208BF6D1CB4B92878302813D141
:108950003168491E31606D1C0127F6E7A04509DB2F
:10896000019A0099801A085C0BF80400641C3168B5
:10897000491E31606D1C01272978162246A0F8F7A0
:108980006DFC0028EAD1A04517DA1BF8081007296A
:1089900006DD0DF1070111F80820521C01F808202E
:1089A00044463268521C326007E00DF10702115D47
:1089B00049B93268521C3260641E002CF5DC04BFD9
:1089C0008DF808A0012431688900002F316055D04E
:1089D0004FF0070C94FBFCFCC4F10703CCEBCC0C70
:1089E0006344072193FBF1F10022C1EBC101591A45
:1089F00018D04FF0010A15E056F82A100CEB0110C0
:108A000046F82A000CE0072193FBF1F1C1EBC1010C
:108A10001BF802C0591AEFD10AF1010A46F82AC020
:108A20005B1C521CA242EEDB297841F02001702928
:108A300024D1294615F8012F16482B2A16BF2D2AB6
:108A400015F8014B2B240022002308E0834204DAAE
:108A500003EB83020CEB4203303B6D1C012295F8C3
:108A600000C0ACF1300EBEF10A0FEFD32D2C3468EC
:108A700008BF5B421B19336002B90D46B9F1000F04
:108A800003D007B90C9DC9F8005050460DB0BDE8A1
:108A9000F08F000000E1F5053031323334353637E0
:108AA000383961626364656641424344454600006B
:108AB000000102030405060708090A0B0C0D0E0F3E
:108AC0000A0B0C0D0E0F000010B50446F9F724F840
:108AD00001462046896ABDE810400847F0B40246C6
:108AE000106895681318506803EB5004C0071CD534
:108AF0004D441AE013F8017B05F8017B491EF9D1BA
:108B000098B113F8011BC6F38106032E08BF13F8B2
:108B1000016B01EB06214942801C294405D011F864
:108B2000016B05F8016B401EF9D1A3420ED013F87A
:108B3000016B16F0030104BF13F8011BC91C3009B7
:108B40000F28DBD113F8010B0F30D7E7F0BC02F18F
:108B50000C007047FEE7FEE7FEE7FEE7FEE7704722
:108B60007047704780B500F021F801BD80B5012045
:108B7000FAF7FDFB01BD80B50220FAF7F8FB01BD55
:108B800080B50748FDF71FF901BD80B50548FDF721
:108B90001AF901BD80B50448FCF7BFFA01BD000019
:108BA00060020020C00200206C050020034801681C
:108BB000034A127889180160704700BFFC06002044
:108BC000CC00002000004129211C19171615141390
:108BD00012121111111010100F0F0F0F0E0E0E0E9A
:108BE0000E0E0E0D0D0D0D0D0D0000003031323347
:108BF0003435363738396162636465666768696A37
:108C00006B6C6D6E6F707172737475767778797A3C
:108C1000000000007363616E665F733A20626164F6
:108C20002025632C2025732C206F7220255B20616A
:108C30007267756D656E74000000000000002440CE
:108C40000000000000005940000000000088C34000
:108C50000000000084D797410080E03779C341438A
:108C6000176E05B5B5B89346F5F93FE9034F384D92
:108C7000321D30F94877825A3CBF737FDD4F15753E
:108C80007363616E665F733A2062616420666C6F25
:108C90006174696E672D706F696E7420617267759B
:108CA0006D656E740000000010B5074979441831F5
:108CB000064C7C44163404E00A68081D11448847B9
:108CC0000146A142F8D110BD2C0000004C0000006C
:108CD0004EF68851CEF20001086840F4700008603A
:108CE000BFF34F8FBFF36F8F4FF00070E1EE100AAC
:108CF000704700006B84FFFF38060000D0000020A2
:108D000000000000D9FDFFFFD40100008C0000002E
:108D10000000002025000000252E33662C252E3370
:108D2000662C252E33662C252E33662C302E3030C3
:108D3000302C252E33660A0010B5044604497944C8
:108D40000E31044878440C3000F006F8204610BD7F
:108D50009C0000008C00000038B504460D46AC4273
:108D600005D0206820188047241DAC42F9D131BDC0
:108D700000F00DF8002801D0FFF796FFAFF3008058
:108D80000020AFF30080FAF731F900F002F801207B
:108D9000704700F001B8000007463846F9F7A0F820
:108DA000FBE70000000000000000000001020304D7
:108DB000060708090148804701480047C58D00089B
:108DC000D58D00080248016851F4700101607047B8
:108DD00088ED00E0AFF30080FFF77AFFFFF7C8FFF0
:108DE000ADDEFFFFA1AFFFFFE5D5FFFF25662C2518
:108DF00066000000000610160006101600000000B5
:108E000001020304686A6C747A4C0000FFF7FEBF2D
:108E1000FFF7FEBFFFF7FEBFFFF7FEBFFFF7FEBF86
:108E2000FFF7FEBFFFF7FEBFFFF7FEBFFFF7FEBF76
:108E3000FFF7FEBFFFF7FEBFFFF7FEBFFFF7FEBF66
:108E4000FFF7FEBFFFF7FEBFFFF7FEBFFFF7FEBF56
:108E5000FFF7FEBFFFF7FEBFFFF7FEBFFFF7FEBF46
:108E6000FFF7FEBFFFF7FEBFFFF7FEBFFFF7FEBF36
:108E7000FFF7FEBFFFF7FEBFFFF7FEBFFFF7FEBF26
:108E8000FFF7FEBFFFF7FEBFFFF7FEBFFFF7FEBF16
:108E9000FFF7FEBFFFF7FEBFFFF7FEBFFFF7FEBF06
:108EA000FFF7FEBFFFF7FEBFFFF7FEBFFFF7FEBFF6
:108EB000FFF7FEBFFFF7FEBFFFF7FEBFFFF7FEBFE6
:108EC000FFF7FEBFFFF7FEBFFFF7FEBFFFF7FEBFD6
:108ED000FFF7FEBFFFF7FEBFFFF7FEBFF0022F0058
:108EE00000010001221042F0050724F4002B1400B9
:108EF000080452FF01E35A131410010000FA142170
:108F00008620024C0000204B2002E31A0008085281
:108F1000DD0812F90812E104430D1B10E10161C2E2
:028F200002014C
:0400000508008DD58D
:00000001FF
